age,gender,height_cm,current_weight,goal_weight,goal_type,activity_level,weeks_to_goal
30,Male,169,64.1,58.3,Weight Loss,Active,13.8
17,Male,156,61.1,56.8,General Fitness,Very Active,13.3
29,Male,183,93.3,81.0,General Fitness,Very Active,44.5
36,Male,172,65.1,79.5,General Fitness,Very Active,58.6
21,Male,177,110.1,90.8,Weight Loss,Very Active,40.3
49,Male,162,118.3,124.6,General Fitness,Very Active,24.6
60,Female,149,47.5,51.7,General Fitness,Moderate,20.2
39,Male,172,84.5,59.0,Weight Loss,Sedentary,82.8
49,Male,170,65.6,59.3,General Fitness,Moderate,26.1
67,Female,147,89.3,75.5,Weight Loss,Moderate,48.8
28,Male,186,80.7,53.0,Weight Loss,Active,60.1
23,Female,160,86.0,68.4,Weight Loss,Active,38.8
38,Female,159,99.9,102.8,General Fitness,Very Active,9.0
24,Male,195,65.4,44.0,Weight Loss,Sedentary,50.3
58,Male,189,103.8,115.6,General Fitness,Sedentary,45.7
47,Female,151,92.9,87.7,General Fitness,Moderate,18.9
38,Female,164,58.2,48.7,Weight Loss,Sedentary,32.2
67,Male,159,118.6,101.2,Weight Loss,Very Active,50.2
50,Male,165,72.2,45.6,Weight Loss,Very Active,70.6
60,Female,164,66.9,45.8,Weight Loss,Moderate,65.8
22,Female,160,57.4,66.1,Muscle Gain,Very Active,74.4
15,Male,159,101.0,99.2,General Fitness,Moderate,5.6
30,Male,185,107.5,103.8,General Fitness,Very Active,13.2
41,Female,174,92.5,96.4,Muscle Gain,Very Active,38.4
61,Male,176,107.0,101.0,Weight Loss,Very Active,16.6
23,Male,182,66.9,51.4,Weight Loss,Very Active,31.9
46,Male,185,68.9,55.1,Weight Loss,Very Active,35.4
15,Male,179,72.2,48.0,Weight Loss,Very Active,44.8
18,Male,192,102.8,106.8,Muscle Gain,Moderate,31.2
52,Female,175,72.7,46.7,Weight Loss,Sedentary,88.4
69,Male,166,59.5,54.7,Weight Loss,Sedentary,15.0
51,Male,170,92.6,96.3,Muscle Gain,Sedentary,36.6
31,Male,168,98.5,106.8,Muscle Gain,Active,81.0
54,Male,191,119.7,114.7,Weight Loss,Very Active,13.7
23,Male,177,112.3,125.6,General Fitness,Active,43.2
68,Female,179,83.7,64.2,Weight Loss,Very Active,56.3
57,Male,161,116.0,113.1,General Fitness,Active,10.7
32,Male,173,94.3,83.3,General Fitness,Moderate,36.5
31,Female,148,50.1,57.0,General Fitness,Very Active,23.2
64,Male,163,96.4,86.3,Weight Loss,Active,31.6
50,Female,145,51.2,37.0,General Fitness,Very Active,58.4
42,Male,163,57.7,66.9,Muscle Gain,Moderate,82.3
30,Female,155,98.7,111.1,General Fitness,Moderate,41.7
65,Male,181,107.1,80.8,Weight Loss,Active,72.2
65,Male,161,79.9,83.6,Muscle Gain,Moderate,47.0
67,Female,174,64.2,39.0,Weight Loss,Moderate,100.2
57,Male,167,80.9,70.4,Weight Loss,Sedentary,39.0
31,Female,156,76.9,47.3,Weight Loss,Sedentary,83.2
37,Male,175,83.4,53.8,Weight Loss,Very Active,73.3
31,Male,157,101.1,104.1,Muscle Gain,Moderate,31.1
47,Male,174,98.3,103.9,General Fitness,Active,21.6
57,Male,179,99.0,71.6,Weight Loss,Very Active,69.0
33,Male,187,98.2,88.5,General Fitness,Sedentary,38.1
29,Male,167,64.6,66.2,General Fitness,Active,5.5
68,Female,180,69.5,75.2,Muscle Gain,Very Active,78.9
63,Female,160,91.2,98.9,Muscle Gain,Active,91.8
32,Female,173,49.3,54.3,General Fitness,Moderate,19.8
41,Male,176,90.3,76.1,Weight Loss,Very Active,37.6
64,Male,192,116.5,119.8,Muscle Gain,Very Active,40.0
46,Female,159,60.0,67.8,General Fitness,Moderate,30.6
61,Female,155,91.2,77.3,General Fitness,Very Active,50.2
20,Female,172,52.5,45.0,General Fitness,Sedentary,23.6
68,Male,156,95.4,86.0,Weight Loss,Moderate,32.5
51,Female,158,70.6,75.2,General Fitness,Sedentary,17.8
64,Male,165,117.7,115.2,General Fitness,Sedentary,11.7
40,Female,157,49.2,38.5,General Fitness,Very Active,41.0
69,Male,193,107.4,95.3,General Fitness,Active,52.2
57,Female,168,48.8,38.7,General Fitness,Very Active,44.0
61,Male,188,117.8,125.4,Muscle Gain,Moderate,96.7
67,Female,162,62.7,69.9,Muscle Gain,Very Active,83.2
69,Female,165,55.0,46.3,Weight Loss,Very Active,25.1
61,Male,181,86.8,63.3,Weight Loss,Moderate,85.2
43,Female,146,50.1,46.0,General Fitness,Very Active,16.0
45,Female,180,74.2,81.2,General Fitness,Active,27.1
32,Female,164,58.8,56.1,General Fitness,Very Active,9.3
27,Female,158,85.6,75.1,Weight Loss,Moderate,26.0
33,Female,159,64.8,53.6,Weight Loss,Moderate,31.7
51,Female,163,70.8,55.9,Weight Loss,Sedentary,46.3
70,Male,185,62.4,57.6,Weight Loss,Active,14.2
24,Female,154,89.6,61.0,Weight Loss,Sedentary,80.5
50,Male,181,94.4,70.0,Weight Loss,Sedentary,92.7
43,Male,183,74.3,83.5,General Fitness,Very Active,35.6
54,Female,151,97.1,93.2,General Fitness,Sedentary,16.3
25,Female,160,54.6,52.5,General Fitness,Sedentary,7.0
31,Female,157,68.4,50.7,Weight Loss,Moderate,50.9
19,Male,158,65.8,74.0,Muscle Gain,Moderate,71.9
29,Female,146,100.0,78.8,Weight Loss,Sedentary,61.6
63,Female,156,70.9,81.0,General Fitness,Sedentary,43.8
55,Male,186,118.0,125.6,General Fitness,Very Active,28.5
67,Female,180,47.0,49.2,General Fitness,Very Active,10.4
70,Female,177,90.4,87.4,Weight Loss,Very Active,9.5
32,Female,180,52.2,41.4,Weight Loss,Moderate,34.9
55,Female,160,84.0,72.6,Weight Loss,Sedentary,34.5
20,Male,169,119.5,133.3,General Fitness,Very Active,46.2
46,Male,173,88.1,92.9,General Fitness,Moderate,22.0
50,Female,154,66.1,38.2,Weight Loss,Very Active,67.8
64,Male,181,77.1,52.8,Weight Loss,Active,67.0
61,Female,164,91.1,72.4,Weight Loss,Active,53.4
49,Female,175,64.0,46.1,Weight Loss,Very Active,45.1
70,Female,157,98.9,106.0,Muscle Gain,Active,77.5
17,Female,165,86.0,64.0,Weight Loss,Very Active,45.6
21,Female,178,95.1,91.7,Weight Loss,Very Active,7.5
19,Male,185,105.8,113.3,Muscle Gain,Moderate,60.6
69,Female,166,91.9,104.9,General Fitness,Sedentary,65.9
70,Female,179,47.0,49.0,General Fitness,Very Active,8.5
42,Male,161,104.4,93.5,General Fitness,Sedentary,40.2
16,Female,147,62.8,58.3,Weight Loss,Active,9.8
24,Female,160,74.2,86.8,Muscle Gain,Very Active,103.3
20,Male,194,111.6,91.9,Weight Loss,Moderate,53.0
55,Female,172,83.0,90.4,General Fitness,Active,31.0
21,Male,170,79.8,88.9,Muscle Gain,Very Active,82.4
16,Female,170,60.1,51.2,General Fitness,Active,29.3
53,Female,167,57.0,63.2,Muscle Gain,Moderate,62.7
55,Female,151,94.7,104.7,General Fitness,Moderate,37.0
61,Female,153,50.0,39.0,Weight Loss,Active,32.5
23,Female,179,93.2,80.3,Weight Loss,Moderate,35.7
67,Female,175,98.2,87.2,Weight Loss,Active,33.0
19,Female,154,86.5,77.4,Weight Loss,Very Active,19.6
20,Female,170,45.8,54.3,General Fitness,Active,25.7
52,Female,169,90.2,76.0,General Fitness,Active,58.6
59,Male,174,97.2,94.6,General Fitness,Very Active,10.4
28,Female,173,69.5,60.1,Weight Loss,Active,22.3
49,Female,167,48.3,37.9,Weight Loss,Active,25.1
30,Male,163,106.2,97.7,Weight Loss,Active,21.3
67,Male,169,76.4,73.3,General Fitness,Moderate,12.9
49,Female,161,88.9,82.9,Weight Loss,Moderate,21.2
37,Male,170,93.3,89.9,Weight Loss,Sedentary,10.6
62,Female,171,73.9,50.8,Weight Loss,Moderate,87.7
47,Female,151,69.9,76.7,Muscle Gain,Active,84.4
44,Male,156,59.0,66.7,General Fitness,Active,29.0
46,Female,173,49.0,46.9,General Fitness,Sedentary,7.7
54,Male,195,93.0,70.8,Weight Loss,Active,55.9
44,Female,177,78.3,75.9,General Fitness,Active,8.6
29,Male,181,77.0,87.7,Muscle Gain,Very Active,100.6
35,Female,172,62.2,57.6,General Fitness,Sedentary,17.0
68,Female,150,50.1,44.5,Weight Loss,Sedentary,21.2
52,Female,180,75.9,54.8,Weight Loss,Sedentary,75.2
24,Female,175,57.3,51.4,Weight Loss,Moderate,18.0
51,Female,159,89.4,63.6,Weight Loss,Active,67.1
16,Male,166,72.8,84.5,General Fitness,Active,44.1
70,Female,154,76.1,62.3,Weight Loss,Moderate,54.2
20,Male,188,69.0,75.9,General Fitness,Sedentary,20.6
25,Male,194,58.2,53.0,Weight Loss,Moderate,14.9
46,Female,173,67.8,63.8,General Fitness,Very Active,15.3
33,Female,176,74.0,82.2,Muscle Gain,Sedentary,84.5
15,Male,168,74.6,81.2,Muscle Gain,Sedentary,57.8
49,Male,169,87.5,62.0,Weight Loss,Very Active,62.3
70,Female,147,69.0,53.6,Weight Loss,Very Active,40.5
69,Female,151,58.4,39.5,Weight Loss,Very Active,57.2
48,Male,187,67.6,79.5,General Fitness,Sedentary,47.6
24,Male,171,67.8,48.5,Weight Loss,Sedentary,54.3
44,Male,191,104.4,89.3,Weight Loss,Very Active,35.6
24,Female,173,48.8,56.0,General Fitness,Active,24.1
37,Female,177,49.1,41.6,General Fitness,Sedentary,27.5
19,Male,160,95.0,106.6,Muscle Gain,Active,92.0
43,Female,157,62.7,55.0,General Fitness,Sedentary,30.2
66,Male,176,118.9,123.3,Muscle Gain,Sedentary,56.0
60,Male,183,119.4,102.3,Weight Loss,Moderate,65.4
33,Male,179,81.6,90.4,Muscle Gain,Active,93.1
19,Male,176,61.1,71.6,General Fitness,Active,29.6
36,Female,150,77.1,80.1,General Fitness,Moderate,10.1
23,Female,150,62.0,68.3,General Fitness,Very Active,21.5
56,Male,182,88.1,89.4,General Fitness,Sedentary,5.6
64,Male,186,67.5,37.5,Weight Loss,Active,90.2
69,Male,161,88.0,70.4,Weight Loss,Active,68.5
64,Male,194,63.5,57.2,General Fitness,Active,28.8
61,Male,183,57.8,51.7,General Fitness,Moderate,28.6
63,Female,173,57.9,62.2,General Fitness,Active,20.1
66,Female,153,93.0,88.6,Weight Loss,Moderate,15.7
60,Female,178,91.8,99.6,Muscle Gain,Sedentary,97.1
47,Male,164,109.0,113.6,Muscle Gain,Very Active,46.5
16,Male,181,58.5,70.0,Muscle Gain,Active,96.0
17,Female,163,95.5,79.7,Weight Loss,Moderate,40.9
43,Male,194,55.3,57.4,General Fitness,Very Active,9.5
22,Male,173,70.4,64.1,Weight Loss,Very Active,11.5
60,Male,164,73.9,74.9,General Fitness,Moderate,3.7
26,Male,160,89.0,83.0,General Fitness,Very Active,19.4
55,Female,169,99.0,106.3,Muscle Gain,Sedentary,90.2
37,Female,179,63.6,43.2,Weight Loss,Sedentary,56.2
55,Female,156,89.6,91.5,General Fitness,Very Active,7.4
17,Male,167,112.6,121.0,Muscle Gain,Moderate,76.0
67,Female,179,71.0,69.5,General Fitness,Very Active,6.3
66,Female,150,85.0,89.3,Muscle Gain,Active,49.6
35,Male,161,60.2,70.5,General Fitness,Active,43.4
25,Female,173,64.3,65.9,General Fitness,Very Active,5.6
69,Male,193,99.1,84.3,Weight Loss,Moderate,55.8
64,Male,178,78.5,49.9,Weight Loss,Moderate,97.7
58,Male,183,116.7,110.5,General Fitness,Moderate,27.9
40,Male,175,97.2,92.7,General Fitness,Active,15.7
46,Male,188,80.2,89.1,General Fitness,Moderate,34.3
28,Female,163,83.2,68.2,General Fitness,Very Active,53.3
43,Male,166,113.4,98.4,Weight Loss,Sedentary,50.5
57,Male,177,101.1,109.8,General Fitness,Active,32.9
65,Female,168,73.0,66.7,Weight Loss,Moderate,22.3
65,Male,186,56.7,38.7,Weight Loss,Moderate,62.9
64,Female,171,90.3,92.3,General Fitness,Very Active,10.0
47,Male,158,109.0,92.0,Weight Loss,Very Active,39.5
35,Female,159,64.0,35.6,Weight Loss,Moderate,90.5
27,Female,180,60.1,40.2,Weight Loss,Active,52.0
52,Male,192,65.0,75.2,General Fitness,Moderate,44.8
17,Male,191,72.2,63.5,Weight Loss,Sedentary,19.7
46,Female,179,60.9,75.3,General Fitness,Sedentary,53.9
34,Male,184,59.7,61.5,General Fitness,Very Active,7.1
28,Female,166,78.4,86.7,Muscle Gain,Very Active,73.5
40,Female,153,86.8,78.6,General Fitness,Active,31.7
22,Female,162,69.7,62.9,Weight Loss,Very Active,15.5
16,Female,150,97.0,108.6,Muscle Gain,Very Active,73.1
18,Male,158,73.3,54.2,Weight Loss,Active,36.4
17,Female,170,47.8,60.4,Muscle Gain,Active,97.3
19,Female,169,72.7,84.4,General Fitness,Active,42.0
40,Male,178,106.7,94.5,Weight Loss,Sedentary,33.3
53,Female,177,67.1,63.0,Weight Loss,Moderate,13.3
66,Male,185,88.8,81.8,Weight Loss,Active,20.7
47,Female,177,74.3,85.2,General Fitness,Active,37.8
36,Female,152,98.9,80.1,Weight Loss,Active,49.2
31,Male,192,92.5,103.6,General Fitness,Very Active,38.8
24,Male,170,57.1,42.8,General Fitness,Very Active,43.6
35,Male,181,64.8,43.2,Weight Loss,Very Active,53.2
70,Female,148,83.8,92.1,General Fitness,Very Active,38.2
35,Female,156,70.3,78.8,General Fitness,Very Active,29.1
27,Female,160,60.3,65.5,General Fitness,Very Active,17.7
59,Female,176,62.4,68.3,General Fitness,Moderate,24.2
40,Female,167,97.5,72.8,Weight Loss,Very Active,61.4
60,Female,150,64.0,49.1,Weight Loss,Active,44.2
28,Female,157,90.5,95.3,General Fitness,Very Active,18.5
30,Male,158,98.5,81.2,Weight Loss,Moderate,44.6
41,Male,176,101.6,95.9,Weight Loss,Sedentary,20.7
41,Male,185,86.0,77.6,Weight Loss,Moderate,22.0
56,Female,148,94.9,99.4,Muscle Gain,Active,50.9
26,Male,181,112.3,108.8,General Fitness,Sedentary,12.3
62,Female,163,93.2,96.4,Muscle Gain,Moderate,38.9
32,Male,167,107.6,113.2,General Fitness,Very Active,19.4
15,Female,166,88.5,79.6,General Fitness,Moderate,26.2
67,Male,182,88.5,86.3,General Fitness,Very Active,9.3
35,Male,170,55.4,42.0,Weight Loss,Very Active,34.0
34,Female,145,59.4,68.5,Muscle Gain,Active,92.0
44,Male,174,65.4,43.9,Weight Loss,Sedentary,64.3
55,Female,163,65.2,61.1,General Fitness,Sedentary,18.2
62,Female,168,67.9,50.1,Weight Loss,Very Active,52.0
63,Female,160,82.4,73.1,General Fitness,Moderate,43.1
19,Female,152,48.4,39.7,General Fitness,Active,29.0
69,Male,188,83.7,62.3,Weight Loss,Active,59.4
66,Female,148,69.9,53.0,Weight Loss,Very Active,47.2
50,Female,174,82.0,76.7,General Fitness,Sedentary,22.5
62,Female,158,76.8,80.6,Muscle Gain,Sedentary,47.3
49,Female,148,96.4,98.4,General Fitness,Sedentary,7.9
22,Male,166,119.5,113.0,General Fitness,Active,20.1
34,Male,184,98.8,81.1,Weight Loss,Sedentary,54.5
44,Female,167,53.5,45.4,Weight Loss,Moderate,25.2
54,Male,156,70.6,65.8,Weight Loss,Very Active,12.8
30,Male,157,81.1,88.1,Muscle Gain,Sedentary,72.6
47,Male,173,70.2,42.5,Weight Loss,Moderate,95.5
30,Female,164,93.2,78.4,General Fitness,Active,54.6
50,Male,186,58.0,63.8,General Fitness,Very Active,23.2
41,Female,154,61.5,65.1,General Fitness,Very Active,14.3
69,Male,164,107.4,79.7,Weight Loss,Active,80.3
39,Female,160,59.0,67.6,Muscle Gain,Moderate,89.9
20,Male,189,102.1,108.3,Muscle Gain,Active,54.0
62,Male,185,114.4,92.6,Weight Loss,Sedentary,72.6
38,Female,177,93.6,104.5,Muscle Gain,Active,101.4
16,Male,171,91.0,100.2,General Fitness,Moderate,31.1
36,Female,159,65.9,40.4,Weight Loss,Moderate,81.1
31,Female,176,98.2,108.2,General Fitness,Active,36.7
25,Female,153,84.6,68.4,Weight Loss,Active,37.4
68,Male,159,116.4,106.0,General Fitness,Sedentary,46.5
48,Female,162,74.5,63.8,Weight Loss,Sedentary,32.3
21,Female,178,53.2,45.0,Weight Loss,Sedentary,22.0
59,Female,159,61.5,48.9,General Fitness,Moderate,57.6
39,Male,179,90.9,86.4,Weight Loss,Very Active,10.9
20,Male,186,109.9,119.9,General Fitness,Moderate,29.9
29,Male,168,113.6,124.3,General Fitness,Sedentary,35.9
58,Female,162,94.5,76.3,Weight Loss,Sedentary,65.4
16,Male,168,93.2,69.9,Weight Loss,Active,45.4
25,Female,160,76.2,50.3,Weight Loss,Active,53.2
29,Male,159,77.1,53.3,Weight Loss,Very Active,55.1
66,Male,170,101.4,99.3,General Fitness,Active,9.5
62,Female,169,62.4,59.9,General Fitness,Moderate,9.5
63,Female,162,50.6,55.1,Muscle Gain,Active,47.7
21,Female,146,49.9,62.3,Muscle Gain,Very Active,103.7
33,Female,171,66.3,70.7,Muscle Gain,Sedentary,42.2
58,Male,179,66.0,70.8,General Fitness,Moderate,20.7
25,Female,172,60.2,49.1,Weight Loss,Sedentary,34.1
34,Female,145,97.2,85.2,Weight Loss,Moderate,34.9
53,Male,167,86.1,92.1,Muscle Gain,Active,61.9
58,Male,190,56.7,45.5,General Fitness,Moderate,48.4
67,Female,171,82.0,87.4,Muscle Gain,Sedentary,61.8
57,Female,154,84.3,60.0,Weight Loss,Active,69.9
65,Female,168,83.6,71.2,General Fitness,Sedentary,54.1
21,Female,145,50.4,57.2,Muscle Gain,Very Active,62.3
37,Male,174,77.3,53.1,Weight Loss,Moderate,74.2
21,Female,173,84.7,95.4,Muscle Gain,Very Active,95.0
62,Male,170,88.5,97.2,General Fitness,Moderate,35.3
66,Female,170,79.6,85.8,Muscle Gain,Moderate,75.6
28,Male,172,103.9,91.6,General Fitness,Moderate,46.9
38,Male,175,67.8,70.4,General Fitness,Moderate,10.3
54,Female,170,77.3,83.2,General Fitness,Very Active,28.4
54,Male,192,60.5,57.6,General Fitness,Active,11.2
51,Female,169,68.3,60.5,General Fitness,Moderate,31.9
46,Male,163,67.7,77.2,Muscle Gain,Sedentary,95.1
41,Female,173,71.9,76.3,Muscle Gain,Very Active,42.4
17,Male,172,69.6,58.8,Weight Loss,Active,21.2
50,Female,177,51.2,53.8,General Fitness,Very Active,8.6
49,Male,168,119.3,116.9,General Fitness,Very Active,9.1
31,Female,167,92.4,87.1,Weight Loss,Very Active,11.5
66,Male,192,99.8,73.6,Weight Loss,Moderate,96.8
65,Female,158,89.7,65.0,Weight Loss,Moderate,92.1
53,Female,179,54.3,69.0,General Fitness,Active,69.0
69,Female,177,99.2,88.7,General Fitness,Active,50.9
32,Male,163,100.6,105.9,Muscle Gain,Sedentary,48.9
68,Male,170,104.5,115.0,General Fitness,Active,43.7
55,Male,181,79.4,77.3,General Fitness,Active,9.0
59,Female,168,70.0,62.2,General Fitness,Active,29.6
55,Male,177,110.3,122.4,General Fitness,Very Active,57.3
46,Male,172,76.0,83.8,Muscle Gain,Moderate,91.4
65,Male,176,113.1,101.4,General Fitness,Very Active,49.5
16,Male,162,115.4,118.6,General Fitness,Very Active,8.5
31,Female,150,65.5,38.1,Weight Loss,Active,62.6
55,Male,174,102.2,78.8,Weight Loss,Very Active,70.2
60,Female,151,45.1,37.4,General Fitness,Sedentary,28.7
15,Male,155,100.2,112.6,General Fitness,Very Active,36.2
19,Male,188,91.6,82.1,General Fitness,Moderate,29.1
21,Female,153,86.4,67.5,Weight Loss,Sedentary,46.0
64,Male,156,110.1,120.3,General Fitness,Active,45.0
62,Male,180,74.2,72.4,General Fitness,Moderate,8.1
30,Female,176,80.1,84.3,Muscle Gain,Sedentary,42.3
63,Female,175,97.5,85.7,General Fitness,Moderate,45.0
28,Male,157,115.0,86.4,Weight Loss,Active,71.0
55,Female,177,87.2,94.1,General Fitness,Active,29.3
32,Male,160,75.1,66.9,General Fitness,Moderate,27.1
40,Male,192,96.2,83.5,General Fitness,Active,53.3
61,Female,160,48.2,50.4,General Fitness,Very Active,9.5
37,Male,188,88.6,63.4,Weight Loss,Very Active,61.1
23,Female,162,85.3,79.1,Weight Loss,Active,15.6
17,Male,155,70.9,55.2,Weight Loss,Sedentary,42.5
30,Female,171,95.4,83.8,Weight Loss,Active,24.5
22,Male,187,98.8,97.1,General Fitness,Active,5.8
44,Male,173,105.3,113.6,Muscle Gain,Sedentary,95.1
15,Male,178,68.0,76.9,General Fitness,Very Active,23.5
41,Male,156,70.1,57.7,Weight Loss,Sedentary,32.2
41,Male,186,117.5,88.2,Weight Loss,Moderate,96.1
20,Male,157,114.9,128.5,General Fitness,Active,48.8
42,Female,153,58.0,48.0,Weight Loss,Sedentary,35.3
35,Female,173,60.0,64.3,Muscle Gain,Active,37.9
24,Male,161,65.7,50.1,Weight Loss,Sedentary,36.8
64,Female,158,69.9,54.4,Weight Loss,Active,44.5
66,Male,174,108.7,86.9,Weight Loss,Moderate,82.1
24,Male,160,101.2,72.1,Weight Loss,Active,63.3
58,Female,164,59.3,44.4,General Fitness,Sedentary,52.4
68,Male,169,63.5,38.3,Weight Loss,Sedentary,83.4
52,Female,161,95.5,93.5,General Fitness,Sedentary,8.5
66,Male,163,61.0,73.9,General Fitness,Very Active,58.8
18,Male,165,115.1,100.4,Weight Loss,Very Active,28.2
39,Female,172,54.5,61.2,Muscle Gain,Sedentary,65.5
46,Male,181,112.4,104.7,General Fitness,Active,29.8
39,Male,177,86.2,98.1,General Fitness,Sedentary,40.6
26,Female,146,62.5,69.2,Muscle Gain,Active,64.4
48,Female,167,87.2,57.2,Weight Loss,Very Active,74.8
57,Male,170,72.3,47.3,Weight Loss,Moderate,80.9
37,Male,166,66.4,47.4,Weight Loss,Very Active,45.4
60,Female,167,97.1,88.2,General Fitness,Sedentary,34.8
26,Female,176,47.1,45.3,General Fitness,Active,5.8
15,Male,176,114.7,110.9,General Fitness,Very Active,10.5
66,Female,165,48.3,45.2,General Fitness,Moderate,15.9
19,Male,178,100.8,90.5,General Fitness,Active,32.8
23,Female,155,85.3,95.7,Muscle Gain,Active,88.6
26,Female,180,83.1,97.1,General Fitness,Active,47.8
39,Male,174,102.7,97.6,General Fitness,Moderate,18.7
69,Male,191,57.1,47.7,General Fitness,Very Active,41.6
67,Male,195,102.4,96.7,General Fitness,Sedentary,26.9
59,Female,149,64.3,40.1,Weight Loss,Moderate,81.1
43,Male,181,118.0,91.1,Weight Loss,Very Active,64.6
19,Male,157,74.2,62.6,Weight Loss,Very Active,19.8
25,Male,179,65.5,60.5,Weight Loss,Active,9.7
21,Female,166,56.3,48.2,Weight Loss,Sedentary,24.4
34,Female,160,50.3,56.8,General Fitness,Active,22.8
15,Male,182,60.7,35.5,Weight Loss,Active,53.4
16,Female,158,54.4,43.5,Weight Loss,Sedentary,28.5
26,Female,168,93.7,80.7,Weight Loss,Very Active,31.4
20,Male,177,107.5,93.3,Weight Loss,Sedentary,37.1
68,Male,179,108.2,115.1,General Fitness,Sedentary,28.5
26,Male,165,118.2,93.4,Weight Loss,Very Active,55.9
20,Male,182,68.1,42.9,Weight Loss,Very Active,50.0
35,Male,159,60.7,69.5,General Fitness,Active,28.1
70,Female,145,88.3,98.0,General Fitness,Very Active,41.7
34,Male,183,105.3,93.6,Weight Loss,Moderate,32.1
27,Female,173,56.6,69.1,General Fitness,Sedentary,47.5
19,Female,164,84.0,70.1,Weight Loss,Moderate,38.0
68,Male,167,109.4,99.7,Weight Loss,Moderate,32.9
58,Female,146,58.3,66.1,General Fitness,Sedentary,32.4
37,Male,165,109.4,116.8,Muscle Gain,Active,69.1
58,Male,168,72.5,58.4,Weight Loss,Moderate,52.6
45,Male,163,97.1,87.7,General Fitness,Sedentary,41.9
60,Male,172,82.5,91.9,Muscle Gain,Active,98.0
15,Female,177,100.0,114.5,General Fitness,Sedentary,42.2
45,Female,149,63.5,71.2,Muscle Gain,Sedentary,78.7
57,Male,175,99.2,76.7,Weight Loss,Very Active,57.9
41,Female,170,66.4,70.0,Muscle Gain,Active,37.4
69,Female,155,91.2,77.9,General Fitness,Active,61.2
23,Female,161,84.9,66.8,Weight Loss,Very Active,39.0
56,Male,160,69.4,73.5,General Fitness,Active,16.7
31,Female,163,70.5,75.5,Muscle Gain,Active,44.5
45,Male,167,87.5,100.6,General Fitness,Sedentary,48.3
70,Female,154,52.6,59.0,Muscle Gain,Sedentary,84.6
24,Female,165,92.4,88.9,General Fitness,Very Active,12.0
35,Female,148,45.3,52.9,Muscle Gain,Moderate,69.4
46,Male,160,63.4,70.5,General Fitness,Moderate,27.9
39,Female,145,47.1,53.5,Muscle Gain,Very Active,69.2
34,Male,163,61.7,45.1,Weight Loss,Active,33.9
67,Female,147,61.4,50.5,Weight Loss,Sedentary,41.8
36,Female,176,64.8,71.0,Muscle Gain,Moderate,58.6
29,Female,153,56.6,53.0,Weight Loss,Moderate,10.7
60,Male,157,79.4,59.1,Weight Loss,Active,53.7
57,Male,161,97.5,96.2,General Fitness,Sedentary,4.7
34,Male,181,98.0,108.3,General Fitness,Sedentary,36.9
47,Male,194,62.7,67.6,Muscle Gain,Sedentary,53.9
36,Male,170,55.2,44.8,General Fitness,Very Active,32.7
44,Female,163,59.5,57.8,General Fitness,Moderate,6.5
66,Male,175,82.7,87.7,Muscle Gain,Active,55.0
57,Male,165,76.4,49.2,Weight Loss,Moderate,89.0
38,Female,166,55.1,61.7,General Fitness,Sedentary,24.4
26,Female,169,87.9,78.3,General Fitness,Very Active,31.3
41,Female,173,47.5,54.9,Muscle Gain,Sedentary,82.7
57,Female,166,73.6,52.0,Weight Loss,Moderate,71.2
15,Male,165,87.9,95.5,General Fitness,Sedentary,21.2
35,Male,170,76.5,66.0,Weight Loss,Very Active,26.0
40,Male,170,60.1,67.3,General Fitness,Very Active,30.0
41,Male,157,91.2,88.2,Weight Loss,Very Active,7.0
47,Male,190,68.4,78.8,General Fitness,Active,42.7
69,Female,174,63.3,39.6,Weight Loss,Moderate,86.7
60,Female,173,51.3,39.7,General Fitness,Active,51.0
68,Male,195,117.7,125.7,Muscle Gain,Active,93.8
17,Female,155,72.1,84.6,General Fitness,Sedentary,39.3
27,Male,162,115.5,125.2,Muscle Gain,Moderate,89.2
57,Male,192,117.2,122.5,Muscle Gain,Very Active,66.7
50,Female,172,91.1,75.1,Weight Loss,Sedentary,53.9
61,Male,163,61.7,71.9,General Fitness,Moderate,45.0
41,Female,177,61.4,39.5,Weight Loss,Moderate,65.3
27,Female,158,79.3,84.4,General Fitness,Moderate,16.7
47,Male,189,100.1,94.6,General Fitness,Moderate,22.2
52,Female,171,82.1,95.6,General Fitness,Very Active,52.9
33,Male,171,64.5,68.6,Muscle Gain,Moderate,40.9
30,Male,187,106.0,118.2,General Fitness,Very Active,49.3
41,Male,175,117.8,121.7,Muscle Gain,Very Active,43.1
68,Female,159,95.1,73.1,Weight Loss,Very Active,63.4
64,Female,157,61.2,57.7,General Fitness,Moderate,16.8
39,Male,157,82.9,64.9,Weight Loss,Sedentary,53.2
15,Male,176,85.3,57.0,Weight Loss,Active,47.9
53,Male,158,105.3,85.4,Weight Loss,Active,49.3
41,Male,189,89.9,87.6,General Fitness,Moderate,8.4
36,Male,178,74.1,88.4,General Fitness,Active,51.9
43,Male,170,113.8,94.2,Weight Loss,Active,55.9
39,Male,162,80.1,62.5,Weight Loss,Active,44.2
47,Female,177,69.5,65.3,Weight Loss,Active,10.7
28,Male,195,105.3,118.4,General Fitness,Sedentary,36.8
56,Male,159,103.5,96.3,Weight Loss,Very Active,20.1
17,Female,150,49.0,52.5,General Fitness,Active,11.6
31,Male,181,80.2,90.0,General Fitness,Moderate,30.2
58,Female,152,74.4,54.1,Weight Loss,Very Active,61.6
59,Male,159,78.3,86.3,General Fitness,Sedentary,34.8
33,Female,173,66.0,53.5,General Fitness,Sedentary,42.9
23,Female,170,88.8,62.9,Weight Loss,Moderate,73.6
34,Female,168,97.7,96.5,General Fitness,Moderate,5.1
51,Male,193,80.6,62.8,Weight Loss,Sedentary,60.0
29,Male,194,109.3,101.1,Weight Loss,Moderate,22.4
69,Male,190,85.0,93.7,General Fitness,Sedentary,36.5
27,Male,192,86.7,95.3,Muscle Gain,Sedentary,85.4
21,Male,173,95.3,108.9,General Fitness,Moderate,40.9
54,Female,164,83.1,88.7,Muscle Gain,Active,63.6
23,Female,166,93.3,104.2,Muscle Gain,Active,102.1
31,Female,149,85.0,57.9,Weight Loss,Moderate,84.6
64,Male,192,68.8,70.3,General Fitness,Very Active,6.3
38,Female,170,57.3,69.1,General Fitness,Moderate,42.5
43,Male,165,66.6,52.3,General Fitness,Moderate,52.6
29,Female,176,57.7,65.2,Muscle Gain,Sedentary,73.1
48,Male,178,80.2,52.4,Weight Loss,Moderate,96.0
21,Male,188,96.2,85.8,Weight Loss,Active,20.5
39,Female,169,65.1,55.0,General Fitness,Moderate,40.0
47,Female,153,69.2,76.1,Muscle Gain,Sedentary,76.8
26,Female,155,64.9,42.5,Weight Loss,Moderate,71.4
41,Male,176,101.8,109.5,General Fitness,Moderate,27.2
56,Female,171,46.2,42.0,Weight Loss,Moderate,13.0
51,Male,164,58.6,48.6,Weight Loss,Sedentary,28.5
53,Male,191,96.4,109.7,General Fitness,Very Active,60.8
53,Male,185,111.4,103.8,Weight Loss,Very Active,21.5
65,Female,156,79.3,71.1,General Fitness,Moderate,35.9
29,Female,169,66.2,71.0,Muscle Gain,Sedentary,46.4
67,Male,164,94.4,90.9,General Fitness,Very Active,14.2
57,Male,163,113.6,96.0,Weight Loss,Very Active,58.1
48,Male,181,79.1,80.7,General Fitness,Very Active,6.4
48,Male,155,79.4,83.3,General Fitness,Sedentary,15.7
24,Female,172,80.8,88.1,Muscle Gain,Sedentary,62.2
54,Female,162,99.5,92.9,General Fitness,Active,28.1
26,Female,168,75.8,83.6,General Fitness,Very Active,30.2
62,Female,153,92.0,81.8,General Fitness,Very Active,48.8
21,Female,158,73.0,61.0,General Fitness,Moderate,43.7
31,Female,159,65.4,46.0,Weight Loss,Sedentary,51.5
27,Female,178,60.7,64.3,Muscle Gain,Sedentary,33.7
58,Male,157,78.4,68.2,General Fitness,Moderate,46.7
37,Male,180,81.4,87.8,Muscle Gain,Very Active,55.6
20,Male,190,73.5,86.1,General Fitness,Sedentary,45.3
41,Male,187,61.9,66.1,Muscle Gain,Moderate,41.9
39,Female,175,87.3,98.9,General Fitness,Very Active,37.3
45,Female,152,59.2,52.8,General Fitness,Sedentary,26.4
20,Female,170,82.1,56.9,Weight Loss,Active,47.7
45,Male,175,78.0,91.5,General Fitness,Moderate,46.8
46,Male,167,70.3,74.7,General Fitness,Moderate,16.7
68,Male,170,109.4,96.8,Weight Loss,Moderate,52.8
58,Male,186,94.9,71.3,Weight Loss,Sedentary,80.3
63,Female,177,60.4,67.2,Muscle Gain,Moderate,79.7
45,Male,189,57.1,44.7,Weight Loss,Very Active,31.0
39,Male,192,61.5,67.6,General Fitness,Moderate,22.5
30,Male,172,85.6,95.2,General Fitness,Active,32.7
28,Male,181,100.5,109.8,Muscle Gain,Very Active,92.2
66,Male,170,91.1,78.1,General Fitness,Active,62.7
45,Male,155,66.5,74.5,General Fitness,Moderate,30.3
45,Male,195,61.3,38.2,Weight Loss,Active,71.1
50,Female,180,96.3,103.7,Muscle Gain,Active,81.8
41,Female,155,55.1,58.5,Muscle Gain,Very Active,33.6
62,Male,160,68.7,62.1,General Fitness,Active,28.4
20,Male,179,75.1,82.3,Muscle Gain,Moderate,59.7
23,Female,178,91.1,94.6,Muscle Gain,Moderate,31.8
52,Male,193,84.7,96.2,General Fitness,Moderate,52.2
49,Female,159,89.3,99.8,Muscle Gain,Very Active,90.4
27,Male,181,112.3,105.2,General Fitness,Active,23.4
68,Male,179,69.3,67.2,General Fitness,Very Active,9.1
41,Female,157,91.9,98.0,Muscle Gain,Active,56.0
54,Female,173,60.0,40.2,Weight Loss,Very Active,50.3
24,Male,158,118.0,121.4,Muscle Gain,Sedentary,28.2
23,Male,183,102.3,109.3,Muscle Gain,Active,72.0
28,Male,176,82.3,58.1,Weight Loss,Very Active,58.6
64,Male,180,59.6,43.9,Weight Loss,Active,47.9
45,Male,179,99.3,104.7,General Fitness,Moderate,21.7
62,Male,190,88.9,93.4,General Fitness,Sedentary,17.5
70,Male,168,118.3,125.3,Muscle Gain,Sedentary,92.2
25,Female,162,77.2,86.9,Muscle Gain,Sedentary,87.2
52,Male,185,99.7,92.5,Weight Loss,Sedentary,23.4
46,Male,160,99.6,87.5,Weight Loss,Moderate,41.1
56,Male,164,100.6,76.2,Weight Loss,Active,69.4
16,Female,169,64.7,61.8,General Fitness,Moderate,9.8
50,Female,163,74.9,67.0,General Fitness,Very Active,28.9
16,Female,168,87.7,83.4,General Fitness,Moderate,13.0
64,Female,180,53.5,42.9,Weight Loss,Very Active,31.4
22,Female,151,73.8,71.9,General Fitness,Active,5.6
21,Male,186,67.5,63.6,Weight Loss,Moderate,11.1
48,Female,161,47.7,43.6,General Fitness,Very Active,15.9
68,Male,160,85.4,65.1,Weight Loss,Very Active,57.5
67,Female,168,88.7,90.5,General Fitness,Very Active,8.7
68,Male,174,60.1,56.1,General Fitness,Sedentary,16.9
49,Male,179,67.3,58.9,General Fitness,Moderate,29.6
62,Male,161,104.8,113.9,General Fitness,Very Active,34.4
65,Female,156,75.2,58.6,Weight Loss,Moderate,63.2
37,Male,175,90.8,105.8,General Fitness,Very Active,49.2
67,Female,165,78.5,69.6,General Fitness,Very Active,45.2
38,Female,173,69.6,63.0,General Fitness,Active,20.2
48,Female,153,99.6,104.8,General Fitness,Sedentary,23.3
16,Male,172,114.7,97.9,Weight Loss,Active,34.9
44,Male,177,65.1,54.9,Weight Loss,Sedentary,32.1
66,Male,174,61.0,47.2,Weight Loss,Active,38.6
61,Male,175,106.5,103.1,General Fitness,Sedentary,15.1
20,Female,148,95.7,83.7,Weight Loss,Very Active,25.3
18,Male,174,89.1,83.6,General Fitness,Very Active,17.5
24,Female,148,82.0,97.0,General Fitness,Moderate,50.2
33,Male,180,64.6,52.5,Weight Loss,Very Active,27.5
50,Female,170,59.4,66.0,General Fitness,Sedentary,26.3
50,Male,167,86.7,66.1,Weight Loss,Very Active,55.7
30,Male,159,72.3,65.3,General Fitness,Moderate,20.9
42,Male,178,77.6,72.1,General Fitness,Very Active,18.6
54,Female,173,79.3,64.4,Weight Loss,Active,42.8
24,Male,160,62.3,57.8,Weight Loss,Active,10.0
28,Female,179,73.8,63.8,Weight Loss,Moderate,28.2
59,Female,146,65.7,52.0,General Fitness,Moderate,59.7
33,Female,157,88.4,68.7,Weight Loss,Sedentary,55.2
33,Female,169,57.7,44.4,Weight Loss,Sedentary,39.5
70,Male,193,89.6,95.8,Muscle Gain,Very Active,71.2
17,Female,160,95.7,101.0,General Fitness,Sedentary,17.1
16,Female,167,82.6,88.6,General Fitness,Moderate,16.0
66,Male,158,95.7,82.4,General Fitness,Active,63.7
36,Female,170,81.1,75.7,Weight Loss,Moderate,16.8
41,Female,160,76.5,83.5,General Fitness,Moderate,26.9
59,Male,188,114.1,99.5,Weight Loss,Active,46.3
35,Male,159,91.2,76.9,General Fitness,Moderate,55.7
43,Female,162,53.4,59.6,Muscle Gain,Active,58.4
63,Male,194,95.1,75.7,Weight Loss,Sedentary,66.1
29,Male,156,78.4,89.0,General Fitness,Moderate,36.5
60,Male,178,67.0,73.4,General Fitness,Very Active,28.4
29,Male,157,81.6,52.4,Weight Loss,Moderate,78.1
62,Female,157,86.7,90.8,Muscle Gain,Moderate,49.4
59,Female,165,92.7,106.1,General Fitness,Very Active,53.4
61,Female,165,66.7,38.3,Weight Loss,Very Active,76.5
43,Male,184,108.8,107.2,General Fitness,Sedentary,5.4
50,Female,169,73.4,63.6,General Fitness,Sedentary,36.3
40,Male,174,105.3,113.2,Muscle Gain,Very Active,72.3
20,Female,177,51.2,39.3,General Fitness,Very Active,41.3
20,Male,162,100.9,91.0,General Fitness,Sedentary,32.9
39,Female,180,65.9,77.7,General Fitness,Moderate,44.4
26,Male,158,82.3,70.9,Weight Loss,Moderate,29.4
22,Female,153,97.8,100.9,Muscle Gain,Moderate,29.3
46,Female,176,74.9,71.7,Weight Loss,Very Active,7.8
52,Female,175,70.0,55.1,Weight Loss,Moderate,50.3
54,Male,195,91.2,65.9,Weight Loss,Active,82.6
18,Female,151,67.9,73.9,Muscle Gain,Sedentary,51.5
44,Female,168,96.2,98.5,General Fitness,Moderate,9.6
23,Male,162,100.2,107.9,Muscle Gain,Very Active,69.3
59,Female,158,78.7,76.2,General Fitness,Moderate,12.1
42,Female,165,59.3,68.4,General Fitness,Active,32.7
48,Male,195,87.4,75.1,General Fitness,Very Active,55.6
22,Female,146,70.6,46.1,Weight Loss,Sedentary,69.5
41,Male,157,76.7,67.9,General Fitness,Very Active,31.6
59,Male,173,71.5,73.4,General Fitness,Moderate,8.5
58,Female,166,63.8,41.2,Weight Loss,Sedentary,84.7
36,Male,176,114.9,99.0,Weight Loss,Moderate,49.9
45,Female,154,79.5,52.4,Weight Loss,Moderate,75.6
62,Female,148,90.9,99.0,Muscle Gain,Very Active,90.6
28,Female,166,89.0,102.4,General Fitness,Sedentary,44.8
68,Male,156,77.0,63.9,Weight Loss,Active,38.5
26,Male,193,62.6,74.6,General Fitness,Very Active,42.3
32,Female,171,49.8,63.1,General Fitness,Sedentary,47.5
48,Female,164,54.6,64.0,Muscle Gain,Moderate,91.1
43,Male,187,56.6,40.6,Weight Loss,Sedentary,51.9
45,Male,188,75.2,63.4,Weight Loss,Active,31.6
28,Male,157,84.9,73.9,General Fitness,Moderate,39.2
16,Male,191,104.3,84.1,Weight Loss,Active,44.0
27,Male,173,73.0,81.4,Muscle Gain,Moderate,81.1
32,Female,154,53.7,51.1,General Fitness,Sedentary,9.1
50,Male,175,72.6,86.8,General Fitness,Active,49.3
34,Male,194,113.0,95.4,Weight Loss,Sedentary,53.7
45,Male,158,61.9,57.4,Weight Loss,Sedentary,14.6
60,Female,173,78.9,87.2,Muscle Gain,Moderate,99.5
63,Male,184,91.9,94.2,General Fitness,Sedentary,9.0
38,Male,180,66.9,80.7,General Fitness,Active,55.1
16,Female,149,71.1,80.1,Muscle Gain,Very Active,76.3
64,Female,167,78.2,71.8,Weight Loss,Active,19.5
28,Female,172,88.1,73.3,Weight Loss,Active,35.8
26,Female,149,85.7,96.7,General Fitness,Moderate,35.4
35,Male,190,61.3,68.5,General Fitness,Very Active,26.1
58,Female,169,63.0,42.6,Weight Loss,Sedentary,68.3
67,Male,163,112.7,85.3,Weight Loss,Moderate,97.2
43,Male,189,73.9,54.3,Weight Loss,Moderate,60.1
58,Female,165,61.5,37.1,Weight Loss,Moderate,86.3
20,Female,145,78.6,90.3,Muscle Gain,Active,99.0
38,Male,190,117.9,120.9,Muscle Gain,Sedentary,33.4
70,Female,146,57.9,35.9,Weight Loss,Active,61.1
60,Female,169,67.3,60.2,General Fitness,Active,29.8
70,Female,153,52.4,47.5,Weight Loss,Active,16.4
57,Male,182,118.4,111.7,Weight Loss,Very Active,18.8
70,Male,184,113.1,123.8,General Fitness,Very Active,52.5
50,Male,183,80.0,86.8,Muscle Gain,Very Active,65.9
51,Female,176,91.6,95.9,General Fitness,Sedentary,17.7
17,Female,147,76.2,65.3,General Fitness,Active,36.4
24,Female,178,99.1,113.9,General Fitness,Sedentary,49.3
48,Female,150,58.5,48.7,General Fitness,Sedentary,42.0
36,Female,179,87.8,95.4,General Fitness,Sedentary,26.4
66,Female,163,60.9,64.5,Muscle Gain,Active,48.8
18,Female,175,76.8,85.8,General Fitness,Active,33.5
54,Female,162,60.1,67.5,Muscle Gain,Moderate,80.6
52,Male,164,97.8,91.6,General Fitness,Moderate,28.1
46,Female,156,89.0,102.1,General Fitness,Moderate,57.4
68,Male,186,103.9,89.8,Weight Loss,Moderate,49.9
24,Female,178,92.9,96.1,Muscle Gain,Active,28.4
36,Female,162,59.7,64.4,Muscle Gain,Active,43.4
58,Male,155,109.1,112.3,Muscle Gain,Sedentary,34.8
58,Male,183,77.8,89.0,General Fitness,Sedentary,47.1
54,Male,160,58.7,39.7,Weight Loss,Sedentary,65.6
60,Male,162,60.6,70.1,General Fitness,Sedentary,45.6
31,Male,173,85.4,57.1,Weight Loss,Moderate,75.0
39,Female,166,99.8,89.8,Weight Loss,Very Active,24.0
19,Female,176,98.9,90.5,Weight Loss,Very Active,17.5
21,Female,154,74.7,60.1,Weight Loss,Very Active,32.8
21,Male,157,59.7,72.4,Muscle Gain,Active,102.6
46,Female,154,80.9,83.9,Muscle Gain,Sedentary,33.1
32,Male,164,100.5,86.8,General Fitness,Very Active,48.9
40,Female,149,74.7,77.8,Muscle Gain,Very Active,33.1
36,Female,164,67.0,46.9,Weight Loss,Active,49.2
20,Male,184,104.4,112.3,Muscle Gain,Active,83.2
39,Male,167,74.4,60.9,Weight Loss,Sedentary,39.2
46,Male,160,112.5,105.4,General Fitness,Active,26.5
16,Male,192,70.5,57.0,Weight Loss,Moderate,32.7
16,Female,147,63.7,72.4,Muscle Gain,Very Active,70.7
19,Male,157,102.8,95.0,General Fitness,Moderate,27.1
30,Female,153,45.8,55.7,General Fitness,Sedentary,38.2
36,Male,159,62.8,56.0,Weight Loss,Moderate,19.4
50,Female,155,69.1,41.1,Weight Loss,Active,77.7
65,Male,195,94.8,70.8,Weight Loss,Sedentary,88.5
15,Male,155,66.7,71.2,Muscle Gain,Sedentary,33.3
37,Male,181,55.3,51.0,General Fitness,Active,14.9
70,Male,189,88.0,80.5,General Fitness,Active,32.9
22,Female,154,82.7,53.5,Weight Loss,Moderate,80.2
25,Female,147,48.0,57.2,Muscle Gain,Moderate,86.6
49,Male,166,65.3,61.5,Weight Loss,Sedentary,14.5
61,Male,183,93.5,81.7,Weight Loss,Moderate,41.2
29,Male,162,76.2,78.6,General Fitness,Active,7.7
19,Male,185,93.0,96.9,Muscle Gain,Moderate,30.3
54,Female,174,54.8,41.7,Weight Loss,Moderate,41.8
55,Female,167,98.7,94.9,General Fitness,Moderate,15.7
32,Male,163,62.2,69.7,General Fitness,Sedentary,30.2
20,Male,181,110.7,102.9,General Fitness,Moderate,25.4
15,Female,172,85.5,92.7,Muscle Gain,Active,60.6
43,Female,176,58.2,49.4,General Fitness,Sedentary,40.3
60,Female,145,92.3,94.3,General Fitness,Very Active,9.2
54,Male,176,102.8,104.6,General Fitness,Sedentary,8.5
38,Male,184,95.2,82.3,Weight Loss,Very Active,32.8
50,Male,168,64.0,58.3,General Fitness,Sedentary,22.1
63,Female,159,62.6,76.2,General Fitness,Moderate,61.9
38,Female,167,69.9,53.4,Weight Loss,Sedentary,54.5
20,Male,160,80.4,72.6,Weight Loss,Very Active,17.1
32,Male,162,100.3,83.9,Weight Loss,Moderate,51.7
33,Male,181,118.0,109.4,General Fitness,Sedentary,33.4
43,Female,146,61.0,65.1,Muscle Gain,Very Active,47.7
41,Male,192,77.3,87.3,General Fitness,Active,39.6
44,Female,164,76.2,89.8,General Fitness,Very Active,51.5
33,Male,184,117.2,97.5,Weight Loss,Active,50.6
26,Male,166,109.6,98.9,General Fitness,Active,33.6
17,Male,175,92.3,77.4,Weight Loss,Sedentary,39.5
50,Female,147,81.6,52.2,Weight Loss,Moderate,94.0
49,Male,165,89.7,94.8,Muscle Gain,Very Active,55.9
56,Male,173,85.8,75.0,Weight Loss,Active,30.1
36,Male,162,102.6,89.0,General Fitness,Very Active,49.5
40,Male,194,109.7,120.3,Muscle Gain,Sedentary,97.0
53,Male,167,92.9,99.7,Muscle Gain,Sedentary,80.9
20,Female,179,91.7,70.4,Weight Loss,Sedentary,59.1
27,Male,186,75.7,66.2,General Fitness,Very Active,37.7
34,Female,173,93.1,97.6,Muscle Gain,Active,45.0
66,Female,173,60.9,73.2,General Fitness,Very Active,55.5
20,Female,145,67.5,39.8,Weight Loss,Very Active,65.9
17,Female,164,90.9,96.2,General Fitness,Very Active,16.4
24,Male,171,74.5,54.2,Weight Loss,Sedentary,56.6
41,Female,156,72.1,50.5,Weight Loss,Active,56.2
51,Female,172,92.8,102.6,General Fitness,Very Active,38.1
69,Male,171,65.6,69.6,Muscle Gain,Sedentary,50.3
37,Female,155,47.9,57.0,Muscle Gain,Moderate,99.3
33,Female,178,80.1,75.0,Weight Loss,Active,11.0
63,Male,161,93.9,97.2,General Fitness,Moderate,14.5
32,Female,168,50.3,41.2,General Fitness,Active,30.2
38,Male,186,81.8,53.9,Weight Loss,Active,74.2
24,Male,187,69.4,61.3,Weight Loss,Moderate,19.4
34,Male,163,68.6,83.3,General Fitness,Moderate,59.1
64,Male,185,104.2,100.1,Weight Loss,Sedentary,14.7
45,Male,162,114.1,109.9,Weight Loss,Sedentary,12.8
63,Female,151,88.0,74.1,General Fitness,Sedentary,69.5
16,Male,160,64.5,41.4,Weight Loss,Active,41.7
37,Female,155,92.0,80.1,General Fitness,Active,35.8
48,Male,168,101.5,72.5,Weight Loss,Sedentary,97.7
61,Male,161,115.1,129.0,General Fitness,Sedentary,57.3
43,Female,151,54.9,60.9,General Fitness,Moderate,21.0
41,Female,152,86.9,75.4,Weight Loss,Moderate,37.7
46,Female,168,83.8,65.8,Weight Loss,Moderate,58.9
46,Male,162,80.0,64.7,Weight Loss,Active,37.5
29,Female,180,67.4,82.2,General Fitness,Very Active,45.7
58,Male,178,66.7,36.7,Weight Loss,Very Active,89.2
40,Female,173,73.7,63.2,General Fitness,Sedentary,41.2
27,Male,176,68.0,42.2,Weight Loss,Active,66.2
68,Female,172,84.9,74.4,Weight Loss,Moderate,35.5
37,Female,175,81.7,96.0,General Fitness,Very Active,45.9
21,Female,152,58.8,42.4,Weight Loss,Very Active,33.0
62,Male,158,109.0,92.6,Weight Loss,Sedentary,58.2
53,Male,175,64.9,45.1,Weight Loss,Very Active,54.4
65,Male,184,68.1,47.2,Weight Loss,Very Active,59.5
49,Female,166,89.5,80.9,General Fitness,Active,35.1
39,Male,183,75.4,84.8,Muscle Gain,Sedentary,86.2
26,Female,180,81.3,57.3,Weight Loss,Sedentary,74.2
23,Male,174,101.5,112.8,Muscle Gain,Very Active,101.3
57,Male,190,99.5,108.5,General Fitness,Very Active,41.0
40,Male,171,87.2,101.8,General Fitness,Sedentary,56.0
16,Female,147,52.1,61.3,Muscle Gain,Sedentary,81.1
39,Male,161,82.8,97.7,General Fitness,Active,57.7
30,Female,160,80.6,61.6,Weight Loss,Moderate,56.3
36,Male,165,56.3,64.8,Muscle Gain,Sedentary,89.1
51,Female,177,94.6,99.3,General Fitness,Very Active,20.9
51,Male,179,76.0,80.7,Muscle Gain,Very Active,52.9
36,Female,176,72.7,49.0,Weight Loss,Moderate,74.9
38,Female,172,56.1,35.9,Weight Loss,Active,48.7
33,Male,171,58.1,73.0,General Fitness,Moderate,58.9
60,Male,192,61.2,55.5,General Fitness,Sedentary,23.0
37,Female,149,80.8,88.9,Muscle Gain,Moderate,93.1
16,Female,178,92.4,83.3,General Fitness,Moderate,24.9
51,Female,148,73.7,82.9,Muscle Gain,Very Active,102.9
62,Male,174,109.9,95.8,Weight Loss,Moderate,47.5
69,Male,181,72.4,67.4,General Fitness,Moderate,24.0
40,Female,160,51.2,47.5,General Fitness,Moderate,13.1
23,Male,156,71.8,47.1,Weight Loss,Active,45.4
61,Male,186,105.8,104.0,General Fitness,Sedentary,7.4
70,Female,149,94.5,101.2,General Fitness,Active,24.5
30,Male,162,92.1,103.6,Muscle Gain,Moderate,95.7
46,Male,160,70.5,73.2,General Fitness,Active,11.2
66,Female,160,96.5,92.4,General Fitness,Very Active,19.3
43,Male,181,71.5,52.6,Weight Loss,Active,49.2
59,Female,152,62.4,55.5,General Fitness,Active,27.0
45,Female,168,90.2,86.6,Weight Loss,Active,9.2
59,Male,170,71.4,77.8,General Fitness,Sedentary,27.1
69,Male,183,80.3,94.0,General Fitness,Moderate,56.0
66,Male,181,106.3,114.0,Muscle Gain,Active,100.3
62,Male,181,115.2,123.9,Muscle Gain,Very Active,101.5
59,Female,161,72.8,60.3,Weight Loss,Moderate,43.8
63,Female,148,80.3,86.4,Muscle Gain,Sedentary,74.1
15,Female,170,56.0,50.7,General Fitness,Moderate,13.6
48,Male,163,110.1,88.6,Weight Loss,Moderate,68.6
20,Female,171,65.2,74.9,Muscle Gain,Moderate,78.5
16,Female,146,95.8,85.7,General Fitness,Moderate,30.5
38,Female,155,97.1,90.9,Weight Loss,Sedentary,19.8
22,Female,159,84.2,90.4,Muscle Gain,Very Active,52.9
39,Female,153,68.7,75.2,Muscle Gain,Very Active,69.3
41,Male,166,81.6,87.1,Muscle Gain,Moderate,63.2
45,Female,153,92.9,63.6,Weight Loss,Sedentary,93.9
60,Female,169,84.0,95.3,General Fitness,Moderate,45.7
18,Male,176,115.5,99.8,Weight Loss,Sedentary,43.0
15,Female,161,72.7,79.0,General Fitness,Sedentary,19.9
52,Female,156,59.3,42.7,Weight Loss,Sedentary,59.5
20,Female,165,84.1,94.5,Muscle Gain,Moderate,96.2
17,Female,153,72.5,43.2,Weight Loss,Active,65.4
42,Female,163,94.7,99.4,General Fitness,Active,17.0
35,Female,176,87.0,92.6,Muscle Gain,Moderate,61.3
24,Female,148,57.6,53.6,Weight Loss,Moderate,11.1
42,Female,152,99.7,71.7,Weight Loss,Very Active,81.6
20,Male,168,111.4,103.5,Weight Loss,Active,19.0
51,Male,192,68.8,53.8,General Fitness,Active,61.4
20,Female,174,90.7,69.9,Weight Loss,Sedentary,53.5
53,Female,145,63.1,64.7,General Fitness,Active,6.7
28,Female,148,89.1,84.1,General Fitness,Moderate,17.8
20,Male,180,71.6,76.0,General Fitness,Very Active,13.4
25,Male,179,105.7,95.0,Weight Loss,Moderate,29.4
46,Male,182,102.8,74.9,Weight Loss,Active,84.0
42,Female,172,50.1,58.3,General Fitness,Moderate,31.1
46,Male,188,95.9,104.2,General Fitness,Moderate,32.6
33,Female,148,75.3,47.5,Weight Loss,Very Active,59.7
41,Male,161,85.2,96.3,General Fitness,Very Active,40.9
63,Female,173,79.3,86.8,Muscle Gain,Very Active,92.5
20,Male,193,71.9,50.7,Weight Loss,Moderate,58.9
15,Female,170,51.4,54.8,General Fitness,Sedentary,10.0
70,Female,176,61.7,74.1,General Fitness,Very Active,63.3
23,Female,153,45.8,50.7,Muscle Gain,Sedentary,39.9
69,Male,156,68.6,58.5,General Fitness,Moderate,40.2
20,Female,164,87.3,90.4,General Fitness,Moderate,10.1
24,Male,183,117.7,102.0,Weight Loss,Moderate,46.4
27,Female,163,76.3,63.6,General Fitness,Moderate,48.8
55,Female,172,98.9,73.0,Weight Loss,Sedentary,85.1
40,Female,176,73.2,50.6,Weight Loss,Very Active,60.5
48,Female,146,68.2,56.7,Weight Loss,Sedentary,37.3
16,Female,155,60.8,67.1,Muscle Gain,Very Active,57.4
61,Female,169,97.8,72.3,Weight Loss,Active,63.1
27,Female,155,78.3,72.6,Weight Loss,Moderate,17.7
42,Male,162,95.1,88.8,Weight Loss,Active,16.4
60,Female,148,96.0,81.2,Weight Loss,Sedentary,49.8
65,Female,151,90.3,86.2,Weight Loss,Sedentary,14.1
70,Male,168,114.2,107.0,Weight Loss,Sedentary,26.9
63,Female,177,72.4,59.2,General Fitness,Very Active,62.8
22,Female,157,69.2,79.3,Muscle Gain,Moderate,94.3
36,Male,173,87.8,82.5,Weight Loss,Very Active,12.3
38,Female,160,53.3,64.8,General Fitness,Very Active,44.9
41,Male,181,113.4,84.7,Weight Loss,Very Active,55.0
24,Female,145,84.5,67.5,Weight Loss,Very Active,40.5
35,Male,180,118.8,111.4,Weight Loss,Active,15.1
57,Male,164,113.7,117.7,Muscle Gain,Sedentary,44.7
43,Male,168,112.7,122.4,General Fitness,Very Active,40.4
64,Female,157,93.5,95.7,General Fitness,Very Active,9.3
48,Female,179,60.6,62.9,General Fitness,Moderate,9.3
16,Female,146,94.0,102.6,General Fitness,Moderate,26.5
22,Female,148,86.6,100.8,General Fitness,Active,46.5
44,Female,166,99.1,86.8,General Fitness,Sedentary,42.4
48,Male,192,67.5,43.5,Weight Loss,Active,60.0
60,Female,172,90.6,85.4,Weight Loss,Moderate,16.0
45,Male,168,84.0,93.3,Muscle Gain,Moderate,95.5
70,Female,161,77.1,87.0,General Fitness,Very Active,50.3
67,Female,155,52.9,55.7,General Fitness,Very Active,13.3
59,Male,168,84.6,83.1,General Fitness,Sedentary,6.2
22,Female,152,65.3,54.5,Weight Loss,Very Active,22.5
34,Male,178,74.7,58.6,Weight Loss,Active,37.0
18,Male,174,112.8,104.0,Weight Loss,Very Active,21.3
50,Female,167,48.7,44.5,Weight Loss,Sedentary,14.3
51,Female,173,94.5,106.4,General Fitness,Active,49.6
63,Male,183,98.4,91.4,Weight Loss,Very Active,21.7
39,Female,159,94.5,82.3,Weight Loss,Very Active,30.4
62,Male,172,97.0,83.9,General Fitness,Very Active,55.4
56,Female,180,49.7,35.3,General Fitness,Sedentary,59.0
22,Male,189,66.7,70.0,Muscle Gain,Sedentary,29.4
20,Male,189,94.4,80.6,Weight Loss,Very Active,29.1
36,Male,182,66.7,70.1,Muscle Gain,Sedentary,35.9
26,Male,156,101.4,90.4,Weight Loss,Active,25.8
30,Male,193,93.1,76.8,Weight Loss,Moderate,46.9
18,Female,165,70.6,56.6,Weight Loss,Active,24.4
55,Female,159,95.3,91.8,Weight Loss,Very Active,10.2
34,Male,191,81.4,76.1,Weight Loss,Moderate,16.1
49,Male,165,105.8,88.3,Weight Loss,Active,49.6
17,Female,145,89.7,104.2,General Fitness,Very Active,34.8
45,Male,172,93.9,68.2,Weight Loss,Sedentary,95.7
52,Female,177,60.5,66.2,Muscle Gain,Moderate,62.8
54,Female,177,97.7,106.1,Muscle Gain,Moderate,87.0
63,Female,173,60.0,70.3,General Fitness,Active,47.0
15,Male,155,98.7,105.5,General Fitness,Very Active,19.1
65,Female,149,74.6,88.1,General Fitness,Sedentary,56.4
67,Male,193,78.3,84.3,Muscle Gain,Very Active,84.7
38,Male,167,83.9,74.9,Weight Loss,Very Active,21.5
38,Male,157,73.2,45.8,Weight Loss,Very Active,71.2
67,Male,195,80.7,54.2,Weight Loss,Moderate,101.2
57,Female,156,48.6,42.1,Weight Loss,Moderate,22.7
51,Male,169,112.3,89.6,Weight Loss,Active,62.1
59,Female,179,78.8,57.4,Weight Loss,Sedentary,89.3
56,Female,148,92.0,80.3,Weight Loss,Very Active,32.0
18,Male,172,114.7,123.2,General Fitness,Moderate,29.0
19,Male,170,67.8,62.2,General Fitness,Very Active,19.5
42,Male,156,93.5,73.6,Weight Loss,Very Active,52.3
21,Female,175,58.1,66.9,Muscle Gain,Moderate,70.9
20,Female,148,95.4,89.1,General Fitness,Sedentary,18.3
18,Male,174,94.7,80.0,Weight Loss,Very Active,31.3
50,Male,158,74.2,67.9,General Fitness,Sedentary,23.7
44,Female,169,70.5,55.9,Weight Loss,Sedentary,46.0
44,Male,188,76.3,82.6,Muscle Gain,Sedentary,68.3
52,Male,167,113.8,107.4,Weight Loss,Sedentary,22.0
45,Female,173,55.2,60.5,Muscle Gain,Very Active,58.3
34,Male,192,83.3,54.4,Weight Loss,Moderate,96.2
24,Female,175,62.0,70.8,Muscle Gain,Moderate,82.9
18,Female,160,72.9,47.4,Weight Loss,Moderate,64.9
27,Male,167,96.6,103.0,Muscle Gain,Active,64.2
54,Female,164,68.0,71.3,General Fitness,Active,12.2
15,Male,195,69.5,76.4,Muscle Gain,Moderate,61.0
62,Male,176,107.5,94.4,Weight Loss,Very Active,39.4
38,Female,145,49.1,45.3,Weight Loss,Sedentary,11.3
43,Male,167,96.0,68.4,Weight Loss,Active,77.1
27,Female,157,60.6,51.7,Weight Loss,Sedentary,24.6
36,Female,180,58.5,54.8,General Fitness,Moderate,13.6
68,Female,153,65.8,41.5,Weight Loss,Sedentary,88.6
60,Male,159,62.7,49.3,General Fitness,Very Active,52.2
59,Male,178,75.7,61.1,Weight Loss,Very Active,36.1
69,Male,189,74.1,67.1,Weight Loss,Moderate,29.3
70,Male,163,110.3,81.2,Weight Loss,Active,81.2
65,Female,175,88.5,68.9,Weight Loss,Sedentary,65.5
63,Male,187,79.3,71.0,General Fitness,Very Active,29.9
48,Female,175,84.4,92.3,General Fitness,Active,29.6
28,Female,159,94.2,86.9,General Fitness,Sedentary,22.3
42,Female,169,76.4,48.1,Weight Loss,Active,80.0
44,Male,187,95.4,102.4,General Fitness,Sedentary,25.4
31,Male,159,78.3,82.7,Muscle Gain,Moderate,45.6
21,Male,162,59.6,63.3,Muscle Gain,Moderate,32.0
69,Female,179,95.2,92.0,Weight Loss,Moderate,14.1
43,Female,180,46.7,39.9,Weight Loss,Very Active,19.0
35,Female,146,76.2,74.7,General Fitness,Active,5.7
39,Male,168,116.7,120.8,Muscle Gain,Very Active,44.6
21,Female,166,76.3,61.1,Weight Loss,Very Active,34.3
27,Female,149,95.1,81.7,Weight Loss,Moderate,38.3
57,Male,188,59.5,54.9,Weight Loss,Active,12.8
70,Male,181,80.4,50.7,Weight Loss,Active,88.4
45,Male,159,80.3,66.6,General Fitness,Very Active,49.8
42,Male,185,65.3,46.8,Weight Loss,Active,45.2
47,Female,174,60.1,59.0,General Fitness,Moderate,3.7
53,Female,160,73.9,46.3,Weight Loss,Very Active,73.7
51,Female,147,85.6,93.5,Muscle Gain,Very Active,80.6
40,Female,156,67.8,73.9,Muscle Gain,Active,57.1
57,Female,156,83.4,88.0,Muscle Gain,Very Active,53.7
32,Male,195,90.0,69.0,Weight Loss,Moderate,67.8
46,Male,181,119.5,128.2,General Fitness,Moderate,36.4
41,Male,183,65.7,57.1,Weight Loss,Active,18.7
69,Female,157,66.8,70.0,Muscle Gain,Very Active,42.6
35,Male,184,86.5,84.5,General Fitness,Moderate,6.6
67,Female,162,91.3,83.7,Weight Loss,Very Active,21.9
26,Male,173,63.1,51.7,General Fitness,Sedentary,40.0
58,Male,172,65.0,59.0,General Fitness,Sedentary,23.3
43,Male,158,109.4,97.0,General Fitness,Moderate,47.7
43,Female,148,77.9,79.6,General Fitness,Active,5.8
30,Male,167,60.9,46.5,Weight Loss,Active,31.4
17,Male,181,88.3,100.7,General Fitness,Moderate,33.8
49,Male,180,116.0,113.3,General Fitness,Moderate,11.1
26,Male,155,81.1,89.5,Muscle Gain,Active,77.5
29,Female,149,81.2,70.7,Weight Loss,Very Active,24.9
28,Female,171,61.6,42.4,Weight Loss,Sedentary,55.0
31,Male,161,94.0,108.7,General Fitness,Moderate,57.0
29,Male,156,95.1,108.7,General Fitness,Sedentary,47.2
63,Male,170,95.3,97.1,General Fitness,Very Active,8.2
24,Female,169,56.2,59.8,Muscle Gain,Moderate,32.9
23,Female,162,62.5,50.5,General Fitness,Active,39.5
63,Female,146,57.6,68.9,General Fitness,Active,46.4
57,Male,170,107.1,85.3,Weight Loss,Sedentary,71.3
48,Male,175,66.9,57.1,General Fitness,Very Active,34.3
18,Female,154,96.6,90.2,Weight Loss,Moderate,18.9
30,Male,187,60.1,71.2,General Fitness,Moderate,34.7
30,Male,182,66.5,71.0,General Fitness,Moderate,14.7
32,Female,175,49.4,64.0,General Fitness,Moderate,48.4
43,Female,172,72.8,50.0,Weight Loss,Very Active,61.5
63,Male,179,82.8,87.2,Muscle Gain,Sedentary,51.4
50,Female,156,59.2,66.7,General Fitness,Moderate,33.0
19,Female,166,52.5,63.5,Muscle Gain,Very Active,90.8
15,Male,187,102.5,89.4,Weight Loss,Sedentary,33.9
62,Female,168,66.1,74.3,Muscle Gain,Very Active,90.9
22,Male,179,115.6,121.4,Muscle Gain,Sedentary,60.8
47,Female,176,79.9,89.2,Muscle Gain,Active,90.7
42,Male,170,70.8,72.3,General Fitness,Very Active,5.8
31,Male,193,84.6,95.1,General Fitness,Moderate,38.5
15,Male,162,105.1,115.1,General Fitness,Moderate,31.7
48,Female,157,93.2,96.5,General Fitness,Sedentary,12.8
47,Female,179,81.2,87.6,General Fitness,Active,24.8
21,Female,167,89.8,85.0,General Fitness,Sedentary,15.5
15,Female,155,89.9,88.9,General Fitness,Active,3.0
56,Female,163,85.3,88.7,General Fitness,Very Active,15.2
27,Male,186,66.8,81.1,General Fitness,Moderate,57.0
18,Male,166,107.6,99.4,Weight Loss,Moderate,20.3
70,Female,155,49.4,53.9,Muscle Gain,Sedentary,50.0
32,Male,155,98.2,73.9,Weight Loss,Sedentary,85.1
48,Male,155,79.4,62.4,Weight Loss,Moderate,51.8
38,Female,170,65.8,69.8,Muscle Gain,Moderate,45.9
15,Female,174,92.9,102.7,Muscle Gain,Sedentary,79.0
70,Male,188,73.2,51.3,Weight Loss,Sedentary,85.6
16,Male,195,78.4,80.0,General Fitness,Active,4.8
40,Female,150,64.2,35.8,Weight Loss,Very Active,68.8
61,Female,169,61.2,57.5,General Fitness,Sedentary,15.1
65,Male,160,74.6,53.4,Weight Loss,Very Active,56.6
22,Female,175,81.4,71.9,Weight Loss,Very Active,19.3
21,Male,182,119.6,115.8,Weight Loss,Sedentary,9.1
49,Male,195,102.2,104.5,General Fitness,Moderate,8.6
56,Male,176,79.5,90.5,General Fitness,Sedentary,46.6
31,Female,152,61.0,55.0,Weight Loss,Moderate,15.1
62,Female,152,76.5,79.3,General Fitness,Moderate,12.4
34,Female,148,77.5,81.2,General Fitness,Sedentary,14.1
15,Male,189,110.4,98.9,Weight Loss,Very Active,24.0
58,Female,174,53.1,42.4,Weight Loss,Very Active,32.7
34,Male,187,119.4,122.1,General Fitness,Active,8.7
69,Male,169,100.5,98.8,General Fitness,Moderate,7.9
34,Female,155,99.5,108.2,General Fitness,Very Active,29.3
37,Female,170,66.5,74.9,General Fitness,Very Active,30.6
59,Female,180,66.7,63.9,General Fitness,Moderate,12.4
66,Male,167,102.8,99.6,Weight Loss,Moderate,12.2
39,Male,182,99.2,95.8,General Fitness,Moderate,11.7
24,Female,170,58.5,61.2,General Fitness,Very Active,7.9
32,Male,195,97.5,106.7,Muscle Gain,Very Active,82.6
22,Male,186,96.7,69.2,Weight Loss,Sedentary,69.5
32,Male,161,106.6,98.7,Weight Loss,Very Active,20.2
34,Female,153,50.5,48.6,General Fitness,Very Active,7.4
40,Female,180,90.0,102.0,General Fitness,Sedentary,47.0
63,Male,168,117.8,104.2,General Fitness,Sedentary,53.9
66,Male,175,63.0,56.5,Weight Loss,Very Active,18.5
20,Male,190,71.7,60.2,General Fitness,Moderate,40.4
38,Male,189,66.2,51.5,General Fitness,Active,54.7
48,Female,167,78.3,70.2,General Fitness,Active,33.0
27,Male,164,74.5,49.0,Weight Loss,Sedentary,72.3
52,Male,177,73.0,84.2,General Fitness,Moderate,44.3
31,Male,179,97.2,100.5,General Fitness,Active,11.7
59,Male,164,89.8,94.0,Muscle Gain,Very Active,48.4
60,Female,168,76.0,65.9,General Fitness,Moderate,45.5
65,Female,172,65.8,36.8,Weight Loss,Active,90.7
22,Male,189,62.1,44.3,Weight Loss,Active,35.8
38,Male,176,105.6,111.1,Muscle Gain,Sedentary,49.7
21,Male,179,118.7,125.5,Muscle Gain,Sedentary,51.5
48,Male,174,93.3,68.5,Weight Loss,Moderate,84.0
59,Male,191,111.3,102.6,General Fitness,Active,33.6
63,Male,179,66.7,41.9,Weight Loss,Active,58.9
51,Male,172,58.4,35.8,Weight Loss,Very Active,72.0
58,Female,171,83.9,87.5,General Fitness,Moderate,15.2
32,Female,172,73.6,62.5,General Fitness,Active,41.7
34,Female,171,87.4,74.6,General Fitness,Sedentary,46.0
20,Male,165,92.4,94.6,General Fitness,Moderate,7.0
58,Female,177,96.3,89.6,Weight Loss,Very Active,20.0
40,Female,145,78.9,65.1,General Fitness,Sedentary,50.3
30,Female,178,82.6,84.2,General Fitness,Active,5.7
26,Male,159,78.9,81.8,General Fitness,Moderate,10.0
39,Male,165,79.3,84.2,Muscle Gain,Very Active,47.3
33,Male,174,86.4,81.7,General Fitness,Sedentary,18.0
56,Female,177,90.4,86.4,Weight Loss,Active,10.8
18,Female,167,45.3,52.7,General Fitness,Very Active,21.9
37,Female,156,67.1,63.9,Weight Loss,Sedentary,10.1
20,Female,178,73.3,78.9,Muscle Gain,Moderate,45.7
24,Male,171,69.7,79.4,Muscle Gain,Sedentary,88.4
26,Female,179,89.6,94.4,Muscle Gain,Very Active,44.3
25,Female,153,64.5,71.6,General Fitness,Very Active,25.7
33,Male,157,63.7,49.3,Weight Loss,Moderate,43.7
57,Female,157,97.2,68.3,Weight Loss,Moderate,99.6
46,Female,180,72.3,50.9,Weight Loss,Very Active,58.6
42,Male,193,102.9,110.0,General Fitness,Active,28.1
63,Female,172,58.6,64.2,Muscle Gain,Sedentary,67.0
64,Male,162,111.2,81.4,Weight Loss,Active,77.0
27,Male,185,100.9,88.6,General Fitness,Very Active,38.1
29,Male,162,63.6,62.1,General Fitness,Moderate,5.0
54,Male,167,60.9,64.8,Muscle Gain,Sedentary,41.9
59,Female,159,57.2,50.2,General Fitness,Active,29.2
34,Female,152,59.8,64.7,General Fitness,Sedentary,17.6
18,Female,156,47.2,42.8,Weight Loss,Active,9.5
45,Female,162,95.0,89.3,Weight Loss,Active,14.5
38,Male,176,74.8,79.4,Muscle Gain,Very Active,48.4
36,Male,178,103.2,109.3,General Fitness,Moderate,22.2
28,Male,192,80.0,66.6,General Fitness,Active,38.5
27,Male,183,115.2,110.2,Weight Loss,Moderate,12.9
63,Female,157,74.3,79.9,Muscle Gain,Very Active,66.2
50,Male,171,113.0,89.5,Weight Loss,Very Active,56.0
55,Female,152,95.1,99.3,Muscle Gain,Very Active,50.0
25,Female,162,83.3,80.5,General Fitness,Sedentary,10.5
62,Male,180,87.2,78.7,General Fitness,Moderate,40.3
50,Male,179,81.1,88.7,Muscle Gain,Very Active,82.2
51,Male,168,93.5,90.3,Weight Loss,Moderate,11.9
34,Female,159,61.3,56.5,General Fitness,Active,17.4
49,Male,170,74.0,53.7,Weight Loss,Sedentary,64.7
70,Female,148,80.3,70.6,Weight Loss,Active,27.6
15,Male,177,96.1,110.7,General Fitness,Sedentary,43.7
61,Male,163,81.5,91.1,General Fitness,Active,39.9
67,Male,177,69.3,54.8,General Fitness,Sedentary,65.5
61,Female,169,97.0,87.1,Weight Loss,Sedentary,35.5
29,Female,172,65.3,37.9,Weight Loss,Very Active,64.4
44,Male,166,108.0,114.0,Muscle Gain,Moderate,69.4
56,Female,163,46.2,42.9,General Fitness,Moderate,14.8
19,Female,154,49.0,53.4,General Fitness,Moderate,12.3
61,Male,155,94.2,87.9,General Fitness,Moderate,21.5
23,Male,170,105.1,94.9,Weight Loss,Sedentary,29.7
49,Male,176,110.4,105.1,Weight Loss,Sedentary,15.5
55,Male,189,63.0,37.7,Weight Loss,Active,62.6
21,Male,187,112.6,105.8,General Fitness,Active,18.8
42,Male,179,64.6,43.9,Weight Loss,Moderate,67.5
58,Male,162,87.0,72.1,General Fitness,Very Active,66.6
19,Male,194,76.7,85.8,Muscle Gain,Active,75.8
26,Male,182,89.5,70.3,Weight Loss,Moderate,42.2
54,Female,163,64.2,58.4,Weight Loss,Active,15.0
31,Female,149,88.4,75.3,General Fitness,Active,47.2
51,Female,172,97.8,87.3,Weight Loss,Sedentary,35.4
53,Female,166,52.6,38.4,General Fitness,Very Active,60.6
30,Male,178,55.2,40.3,General Fitness,Sedentary,56.6
23,Female,152,48.3,42.4,General Fitness,Very Active,19.1
18,Male,163,62.6,40.8,Weight Loss,Moderate,52.4
16,Male,164,78.7,83.0,Muscle Gain,Moderate,34.0
24,Male,166,85.5,78.7,Weight Loss,Very Active,14.6
24,Male,158,112.3,115.8,Muscle Gain,Sedentary,28.3
15,Male,180,109.1,119.6,General Fitness,Moderate,28.0
60,Female,159,68.3,65.1,General Fitness,Active,15.3
40,Female,148,57.0,49.0,Weight Loss,Moderate,24.2
45,Male,175,97.4,104.1,General Fitness,Very Active,24.5
56,Male,182,67.7,61.8,Weight Loss,Active,17.5
16,Male,170,73.3,85.5,Muscle Gain,Active,98.8
63,Male,174,67.2,58.8,Weight Loss,Sedentary,34.5
20,Male,191,91.7,73.5,Weight Loss,Active,40.5
35,Female,150,96.9,93.7,Weight Loss,Sedentary,9.1
36,Female,171,94.3,77.7,Weight Loss,Sedentary,47.3
45,Male,192,111.5,107.5,Weight Loss,Very Active,10.8
20,Male,195,61.1,38.7,Weight Loss,Very Active,48.4
64,Male,165,119.6,127.6,General Fitness,Moderate,38.6
33,Female,168,79.3,50.9,Weight Loss,Active,74.8
30,Male,168,119.8,110.3,General Fitness,Very Active,33.0
24,Female,164,75.1,45.9,Weight Loss,Sedentary,74.9
44,Male,175,66.0,74.0,Muscle Gain,Sedentary,87.6
31,Female,173,80.8,86.2,Muscle Gain,Very Active,60.2
17,Male,178,110.8,104.2,General Fitness,Very Active,20.8
54,Female,148,85.8,81.4,General Fitness,Sedentary,18.3
39,Male,165,92.1,66.0,Weight Loss,Active,57.0
26,Female,151,95.5,67.6,Weight Loss,Sedentary,84.8
22,Female,162,70.0,52.3,Weight Loss,Very Active,36.0
35,Female,147,99.3,75.4,Weight Loss,Moderate,65.0
55,Female,156,49.6,53.8,Muscle Gain,Active,52.3
70,Female,173,92.9,75.7,Weight Loss,Active,54.4
20,Female,172,63.8,40.5,Weight Loss,Sedentary,66.4
41,Male,185,85.9,64.3,Weight Loss,Active,50.4
37,Male,191,80.3,79.2,General Fitness,Very Active,3.6
35,Male,175,55.9,42.3,General Fitness,Moderate,54.8
53,Male,179,69.0,75.6,Muscle Gain,Moderate,72.6
38,Male,178,56.1,42.5,General Fitness,Sedentary,55.4
41,Female,171,64.3,76.9,General Fitness,Very Active,49.5
44,Female,172,65.5,47.6,Weight Loss,Moderate,58.8
39,Male,173,109.9,120.5,General Fitness,Very Active,46.1
20,Female,151,49.9,51.1,General Fitness,Sedentary,3.6
29,Female,174,75.3,80.2,Muscle Gain,Moderate,46.6
65,Female,174,67.7,42.5,Weight Loss,Active,74.8
65,Female,159,72.9,62.7,Weight Loss,Active,33.2
24,Male,178,109.7,92.7,Weight Loss,Sedentary,48.4
68,Male,158,107.1,98.0,General Fitness,Very Active,39.6
40,Female,165,73.5,66.4,General Fitness,Moderate,24.7
55,Male,191,106.0,118.8,General Fitness,Sedentary,48.5
20,Male,160,56.7,59.9,Muscle Gain,Moderate,23.7
26,Female,160,80.9,76.8,General Fitness,Active,16.0
64,Male,171,97.9,93.1,General Fitness,Very Active,19.1
22,Male,184,115.3,112.6,General Fitness,Sedentary,8.6
20,Female,149,72.2,81.3,Muscle Gain,Moderate,78.3
39,Male,175,96.2,81.0,Weight Loss,Very Active,39.6
15,Male,166,97.9,77.9,Weight Loss,Active,43.3
37,Male,185,119.7,100.5,Weight Loss,Active,44.1
22,Male,167,94.4,76.9,Weight Loss,Active,37.1
22,Male,168,56.9,50.2,Weight Loss,Active,14.7
32,Male,172,86.3,100.6,General Fitness,Moderate,49.3
58,Female,162,97.9,92.1,Weight Loss,Moderate,21.0
61,Female,176,68.8,53.8,Weight Loss,Moderate,56.3
43,Female,155,93.9,108.3,General Fitness,Sedentary,60.1
30,Female,149,56.8,43.8,Weight Loss,Active,26.7
29,Male,190,59.3,67.1,Muscle Gain,Active,69.9
21,Male,190,73.1,63.6,General Fitness,Moderate,29.4
35,Female,165,55.9,57.6,General Fitness,Very Active,6.4
41,Female,152,51.8,44.2,Weight Loss,Active,20.7
30,Female,146,60.7,50.7,General Fitness,Very Active,34.7
16,Male,169,58.1,61.3,Muscle Gain,Sedentary,28.5
59,Female,148,59.3,47.3,General Fitness,Sedentary,53.9
23,Female,174,51.6,60.0,Muscle Gain,Moderate,83.6
55,Male,183,98.4,90.1,General Fitness,Very Active,36.2
32,Female,165,87.5,79.7,General Fitness,Very Active,27.2
37,Female,180,91.0,98.1,Muscle Gain,Sedentary,64.3
19,Male,186,58.9,57.7,General Fitness,Sedentary,3.7
56,Female,154,91.6,96.4,Muscle Gain,Very Active,52.4
39,Male,183,111.4,94.5,Weight Loss,Active,43.3
32,Female,172,54.0,42.7,Weight Loss,Sedentary,37.2
21,Male,162,70.6,43.5,Weight Loss,Very Active,59.5
45,Male,188,84.4,91.9,Muscle Gain,Sedentary,72.1
28,Male,164,80.8,91.1,Muscle Gain,Very Active,100.1
27,Female,170,54.7,44.3,Weight Loss,Active,25.5
21,Female,148,80.5,66.1,General Fitness,Very Active,44.2
51,Male,172,70.5,53.1,Weight Loss,Sedentary,57.2
25,Female,158,64.1,72.0,Muscle Gain,Moderate,72.5
21,Female,156,72.7,83.5,General Fitness,Sedentary,32.7
25,Female,165,82.5,85.8,General Fitness,Moderate,11.6
57,Female,175,68.5,64.9,Weight Loss,Sedentary,12.3
45,Male,162,57.9,61.2,Muscle Gain,Moderate,32.6
63,Female,154,87.6,81.9,Weight Loss,Moderate,19.7
62,Female,167,99.4,106.8,Muscle Gain,Very Active,93.0
44,Female,145,90.5,98.6,Muscle Gain,Active,83.0
22,Female,162,82.7,71.5,General Fitness,Very Active,41.5
57,Male,164,78.2,81.7,Muscle Gain,Moderate,39.0
42,Female,174,76.2,88.3,General Fitness,Sedentary,39.4
46,Female,154,70.6,63.5,Weight Loss,Sedentary,20.0
34,Female,176,60.9,48.7,General Fitness,Moderate,48.0
33,Female,152,47.9,36.6,Weight Loss,Moderate,31.6
24,Male,167,83.1,55.3,Weight Loss,Active,57.9
45,Female,167,58.7,37.4,Weight Loss,Sedentary,69.0
58,Male,175,107.3,104.4,General Fitness,Very Active,14.2
50,Female,157,61.6,56.3,Weight Loss,Very Active,16.3
39,Female,172,50.3,58.7,General Fitness,Moderate,34.1
64,Male,181,60.7,63.7,General Fitness,Sedentary,13.7
23,Male,194,90.3,99.2,General Fitness,Active,31.0
18,Female,162,90.6,70.1,Weight Loss,Sedentary,49.7
67,Female,163,76.1,65.4,General Fitness,Sedentary,47.6
59,Male,168,88.6,97.5,General Fitness,Sedentary,37.2
34,Male,195,75.2,45.5,Weight Loss,Moderate,84.4
30,Male,168,61.7,63.0,General Fitness,Sedentary,4.9
34,Female,170,71.6,63.6,Weight Loss,Sedentary,23.8
67,Male,194,99.3,86.3,General Fitness,Active,64.7
26,Female,154,90.0,69.2,Weight Loss,Sedentary,52.4
45,Male,185,73.9,84.2,General Fitness,Moderate,39.2
40,Female,169,83.4,85.9,General Fitness,Active,8.8
33,Female,174,51.6,38.1,Weight Loss,Sedentary,33.6
17,Female,167,98.0,82.4,Weight Loss,Very Active,31.9
47,Male,159,66.3,71.9,Muscle Gain,Very Active,67.7
32,Female,164,95.8,100.0,Muscle Gain,Moderate,42.7
52,Female,167,77.1,51.7,Weight Loss,Active,78.0
69,Male,165,70.1,49.1,Weight Loss,Sedentary,85.7
35,Female,159,99.0,86.7,General Fitness,Very Active,46.3
63,Male,181,115.0,110.3,Weight Loss,Very Active,13.2
69,Female,149,69.3,56.2,Weight Loss,Sedentary,45.0
21,Male,183,79.5,49.8,Weight Loss,Active,61.4
46,Male,183,99.1,90.0,Weight Loss,Active,25.4
66,Male,163,113.1,100.4,Weight Loss,Sedentary,52.1
36,Female,156,82.5,96.9,General Fitness,Sedentary,50.2
47,Male,177,78.2,50.9,Weight Loss,Very Active,64.3
42,Male,195,79.4,74.5,Weight Loss,Very Active,12.4
21,Male,162,87.4,83.0,Weight Loss,Active,8.0
67,Female,163,95.7,85.9,Weight Loss,Moderate,36.9
33,Female,149,74.4,64.9,Weight Loss,Moderate,27.5
17,Female,166,68.2,64.4,General Fitness,Sedentary,10.3
63,Male,158,70.3,65.3,Weight Loss,Active,14.9
42,Male,185,74.7,61.8,General Fitness,Active,44.3
64,Male,167,89.7,63.5,Weight Loss,Sedentary,72.8
18,Male,179,104.8,115.5,General Fitness,Very Active,33.6
22,Female,173,51.5,61.1,General Fitness,Moderate,35.7
42,Female,148,58.1,52.6,Weight Loss,Active,15.6
62,Male,189,91.9,62.1,Weight Loss,Very Active,81.9
67,Male,158,60.0,57.2,General Fitness,Moderate,11.9
37,Female,160,99.9,93.4,Weight Loss,Active,16.3
69,Male,169,83.8,91.9,Muscle Gain,Active,102.8
70,Female,160,74.0,69.3,General Fitness,Active,22.6
60,Male,194,86.6,90.9,Muscle Gain,Very Active,55.4
34,Male,190,68.7,62.5,General Fitness,Moderate,22.0
56,Male,184,116.9,113.3,Weight Loss,Very Active,9.7
46,Male,156,111.1,120.6,Muscle Gain,Very Active,95.0
39,Male,166,97.9,80.5,Weight Loss,Moderate,52.2
16,Female,166,95.7,68.2,Weight Loss,Active,57.8
61,Male,194,83.2,68.7,Weight Loss,Active,44.1
61,Male,173,110.8,82.5,Weight Loss,Very Active,75.0
32,Male,172,60.6,50.9,Weight Loss,Sedentary,27.6
51,Male,175,109.3,83.4,Weight Loss,Active,64.7
41,Female,148,76.9,79.0,General Fitness,Moderate,8.5
24,Male,194,97.6,93.3,General Fitness,Moderate,13.9
52,Male,175,57.7,46.7,General Fitness,Very Active,44.8
58,Female,167,74.7,78.5,Muscle Gain,Sedentary,45.8
19,Male,187,83.8,95.5,Muscle Gain,Sedentary,89.3
51,Male,178,108.9,87.5,Weight Loss,Active,54.5
33,Male,164,56.6,66.1,General Fitness,Very Active,35.8
45,Female,163,79.2,84.9,Muscle Gain,Active,54.5
52,Male,156,61.9,68.5,Muscle Gain,Moderate,75.3
28,Female,169,90.7,89.2,General Fitness,Active,4.6
19,Female,159,76.1,91.1,General Fitness,Sedentary,49.4
53,Male,185,97.8,106.1,General Fitness,Sedentary,33.8
35,Female,152,83.1,68.1,Weight Loss,Very Active,31.0
43,Female,171,57.6,45.0,General Fitness,Moderate,45.2
53,Male,171,106.7,115.5,Muscle Gain,Moderate,92.3
41,Male,187,118.9,100.3,Weight Loss,Very Active,46.9
15,Male,165,62.9,52.8,Weight Loss,Very Active,22.3
23,Female,147,90.9,89.6,General Fitness,Sedentary,3.9
42,Male,177,63.3,41.5,Weight Loss,Very Active,54.8
22,Male,176,113.3,99.7,General Fitness,Active,45.8
43,Male,181,96.0,73.0,Weight Loss,Active,61.1
52,Male,192,79.0,58.5,Weight Loss,Sedentary,66.5
26,Female,177,84.7,92.4,Muscle Gain,Very Active,66.4
46,Male,176,58.1,41.1,Weight Loss,Active,44.0
42,Male,188,73.1,86.4,General Fitness,Moderate,38.6
31,Male,193,104.0,76.0,Weight Loss,Active,69.2
28,Female,180,91.1,67.7,Weight Loss,Sedentary,53.4
49,Male,189,106.9,105.8,General Fitness,Sedentary,4.0
51,Female,172,85.3,68.2,Weight Loss,Active,47.7
32,Female,152,98.3,73.6,Weight Loss,Moderate,71.8
35,Male,165,88.0,83.1,General Fitness,Sedentary,16.6
21,Female,178,62.5,36.8,Weight Loss,Very Active,53.9
30,Male,163,93.1,79.9,General Fitness,Sedentary,50.8
55,Female,150,97.3,71.2,Weight Loss,Moderate,83.3
19,Male,186,91.3,82.7,Weight Loss,Very Active,17.3
59,Male,171,94.9,74.9,Weight Loss,Very Active,51.7
45,Male,188,97.7,101.2,General Fitness,Active,13.7
35,Female,160,81.4,86.4,Muscle Gain,Very Active,48.5
58,Female,160,46.6,54.2,Muscle Gain,Very Active,77.0
50,Male,175,72.0,80.4,Muscle Gain,Sedentary,98.9
40,Female,161,95.2,102.8,Muscle Gain,Very Active,77.5
64,Male,195,62.2,76.8,General Fitness,Moderate,80.2
61,Male,156,107.2,109.5,General Fitness,Sedentary,10.1
56,Female,148,73.5,67.4,General Fitness,Sedentary,23.8
70,Male,169,73.9,77.2,General Fitness,Very Active,14.4
50,Female,160,96.7,100.3,Muscle Gain,Moderate,43.2
47,Male,180,106.4,108.0,General Fitness,Sedentary,6.3
23,Female,162,92.4,94.5,General Fitness,Very Active,6.1
21,Male,192,106.5,98.3,Weight Loss,Moderate,23.4
39,Male,173,82.9,89.7,Muscle Gain,Very Active,79.7
45,Female,163,94.9,86.4,General Fitness,Active,35.7
61,Female,170,97.3,73.7,Weight Loss,Very Active,64.5
51,Male,156,80.8,87.7,Muscle Gain,Moderate,84.2
28,Male,186,93.6,88.3,Weight Loss,Moderate,15.9
48,Female,159,48.2,56.1,General Fitness,Very Active,32.4
68,Female,154,47.0,57.6,General Fitness,Active,44.3
35,Female,174,84.0,75.8,General Fitness,Moderate,32.0
39,Male,163,104.2,110.0,Muscle Gain,Sedentary,57.5
43,Male,162,57.5,43.0,Weight Loss,Moderate,44.1
23,Male,190,82.2,81.1,General Fitness,Very Active,3.3
48,Male,168,107.2,78.5,Weight Loss,Active,87.1
45,Female,174,56.6,51.0,General Fitness,Active,19.8
15,Male,175,82.1,79.0,General Fitness,Very Active,9.5
27,Male,161,90.0,98.6,Muscle Gain,Moderate,89.1
53,Male,165,59.3,49.4,General Fitness,Very Active,40.1
27,Female,162,60.6,74.4,General Fitness,Sedentary,48.4
21,Male,168,73.2,68.5,General Fitness,Moderate,15.7
36,Male,191,105.2,114.5,General Fitness,Very Active,33.2
15,Female,159,99.4,93.9,Weight Loss,Moderate,15.0
45,Male,155,76.0,48.8,Weight Loss,Moderate,95.0
42,Male,185,76.3,59.8,Weight Loss,Very Active,49.8
39,Male,179,100.9,88.3,Weight Loss,Very Active,32.3
53,Female,158,97.5,111.7,General Fitness,Sedentary,59.4
26,Female,146,92.6,105.6,General Fitness,Active,42.4
38,Male,188,67.7,48.9,Weight Loss,Very Active,46.9
31,Female,177,95.7,76.3,Weight Loss,Active,43.7
56,Male,185,80.9,95.8,General Fitness,Active,62.8
51,Female,146,92.5,106.5,General Fitness,Sedentary,62.3
62,Female,179,89.4,85.4,Weight Loss,Very Active,10.5
60,Male,166,111.6,114.4,General Fitness,Moderate,13.0
55,Male,158,75.4,49.2,Weight Loss,Very Active,79.0
36,Female,165,94.4,86.8,Weight Loss,Sedentary,22.5
57,Female,170,67.9,57.6,General Fitness,Sedentary,35.8
61,Male,172,60.5,45.5,Weight Loss,Moderate,50.5
59,Female,177,67.5,57.6,General Fitness,Moderate,46.3
20,Male,162,114.7,111.1,General Fitness,Very Active,10.6
64,Male,165,106.3,113.0,Muscle Gain,Sedentary,77.3
34,Male,158,79.7,84.7,General Fitness,Moderate,18.6
41,Male,169,109.3,104.5,General Fitness,Active,17.7
59,Female,172,64.1,39.2,Weight Loss,Moderate,80.7
59,Female,177,75.3,52.2,Weight Loss,Active,73.0
31,Female,158,70.7,66.9,Weight Loss,Moderate,10.7
45,Male,163,85.4,90.9,General Fitness,Moderate,23.3
55,Male,177,111.5,114.6,Muscle Gain,Sedentary,39.5
36,Female,151,55.3,64.4,Muscle Gain,Active,98.0
45,Female,160,58.9,65.1,General Fitness,Very Active,24.7
34,Female,147,98.4,85.1,General Fitness,Very Active,47.4
51,Female,170,77.6,83.4,Muscle Gain,Active,59.6
51,Male,163,63.4,72.1,Muscle Gain,Moderate,98.8
65,Male,164,107.1,91.7,Weight Loss,Active,40.5
57,Male,164,68.0,73.9,Muscle Gain,Sedentary,74.4
30,Female,158,69.0,46.4,Weight Loss,Moderate,62.2
15,Male,185,65.4,67.8,General Fitness,Active,7.5
35,Male,163,81.0,89.6,Muscle Gain,Moderate,83.4
53,Female,170,74.4,68.5,General Fitness,Very Active,25.2
64,Male,170,79.0,73.2,General Fitness,Moderate,24.4
23,Female,176,55.3,46.6,Weight Loss,Moderate,25.2
39,Female,156,68.4,57.7,Weight Loss,Active,23.4
17,Female,161,97.7,90.8,General Fitness,Very Active,21.7
44,Female,150,64.0,75.3,General Fitness,Sedentary,50.1
23,Male,191,88.0,66.5,Weight Loss,Active,42.8
42,Male,158,74.7,82.1,Muscle Gain,Very Active,72.9
47,Male,178,105.8,116.8,General Fitness,Very Active,44.9
49,Male,179,111.6,106.4,Weight Loss,Very Active,13.8
53,Female,168,58.9,67.6,Muscle Gain,Sedentary,102.6
26,Female,163,64.6,61.1,Weight Loss,Active,8.5
53,Female,152,64.6,68.2,Muscle Gain,Sedentary,41.7
37,Female,174,82.9,90.0,Muscle Gain,Active,70.0
61,Male,160,109.4,94.7,Weight Loss,Active,48.0
34,Male,194,88.4,62.3,Weight Loss,Active,60.9
38,Male,191,85.7,97.4,General Fitness,Sedentary,39.7
32,Female,177,81.9,72.4,General Fitness,Moderate,36.4
41,Female,158,46.0,56.0,Muscle Gain,Sedentary,102.4
16,Male,175,69.4,49.9,Weight Loss,Moderate,53.1
55,Female,166,74.8,67.1,General Fitness,Very Active,30.5
58,Female,169,59.1,55.2,Weight Loss,Moderate,13.9
50,Male,177,60.4,71.9,General Fitness,Very Active,46.7
51,Male,182,82.0,93.7,General Fitness,Active,45.5
49,Female,153,65.8,37.2,Weight Loss,Very Active,78.1
28,Male,168,119.5,101.1,Weight Loss,Very Active,40.6
50,Male,181,77.9,69.0,Weight Loss,Very Active,24.9
29,Female,170,72.2,79.7,General Fitness,Very Active,23.9
33,Male,155,89.6,77.6,Weight Loss,Very Active,30.5
58,Female,151,66.1,76.2,General Fitness,Moderate,40.7
16,Male,175,94.6,97.9,General Fitness,Very Active,10.9
38,Male,170,66.4,38.1,Weight Loss,Very Active,78.8
33,Male,159,113.1,119.6,Muscle Gain,Moderate,62.3
66,Female,166,93.0,79.3,General Fitness,Sedentary,60.6
15,Female,147,82.5,89.2,General Fitness,Sedentary,20.0
69,Male,171,104.3,85.6,Weight Loss,Moderate,63.7
38,Male,181,97.7,94.7,General Fitness,Moderate,10.1
21,Female,166,80.3,75.3,Weight Loss,Active,11.5
36,Female,163,82.9,71.0,Weight Loss,Active,32.4
51,Female,162,77.7,66.0,General Fitness,Active,46.7
38,Female,168,84.3,73.0,Weight Loss,Moderate,33.8
45,Male,183,98.8,95.6,General Fitness,Active,12.4
69,Male,179,71.7,67.5,General Fitness,Active,20.7
31,Female,168,84.7,61.6,Weight Loss,Sedentary,61.6
57,Female,149,63.8,72.1,Muscle Gain,Sedentary,99.4
53,Male,162,97.2,84.6,Weight Loss,Active,34.4
68,Female,178,94.4,105.8,General Fitness,Sedentary,55.2
36,Male,187,59.4,71.8,Muscle Gain,Sedentary,96.9
51,Male,188,71.1,61.2,Weight Loss,Very Active,27.7
29,Male,184,66.5,81.2,General Fitness,Moderate,47.9
61,Female,149,94.8,88.2,Weight Loss,Moderate,20.0
29,Female,160,77.2,58.5,Weight Loss,Moderate,55.2
35,Female,149,55.8,49.7,Weight Loss,Sedentary,20.1
52,Female,172,92.4,95.0,General Fitness,Sedentary,11.3
15,Male,171,104.0,113.4,General Fitness,Very Active,32.5
47,Male,173,116.8,124.9,Muscle Gain,Very Active,96.5
15,Male,175,113.1,96.3,Weight Loss,Very Active,36.0
19,Female,172,82.0,76.4,Weight Loss,Moderate,14.7
27,Female,151,87.0,93.6,Muscle Gain,Moderate,53.6
21,Female,164,96.0,102.6,Muscle Gain,Very Active,57.4
45,Female,164,65.4,54.1,Weight Loss,Active,28.4
43,Female,164,68.4,74.9,General Fitness,Active,25.0
41,Male,177,97.0,102.4,Muscle Gain,Sedentary,58.3
35,Female,172,88.5,97.0,Muscle Gain,Sedentary,95.6
69,Male,172,61.9,52.3,Weight Loss,Very Active,27.1
61,Female,175,97.4,111.7,General Fitness,Very Active,62.4
53,Female,169,48.3,43.8,Weight Loss,Active,11.4
43,Female,163,51.1,56.4,Muscle Gain,Active,49.7
43,Male,170,76.3,85.0,General Fitness,Sedentary,33.1
23,Female,149,92.9,103.7,General Fitness,Sedentary,34.2
26,Female,165,70.8,81.6,Muscle Gain,Moderate,94.3
66,Female,148,90.7,94.7,Muscle Gain,Very Active,43.2
17,Female,177,93.0,81.2,Weight Loss,Very Active,24.1
66,Male,187,110.0,112.2,General Fitness,Moderate,10.3
67,Male,172,85.3,58.3,Weight Loss,Very Active,79.9
19,Male,166,97.1,102.9,General Fitness,Active,16.3
15,Male,194,108.8,112.1,Muscle Gain,Active,27.1
56,Female,157,87.3,96.3,General Fitness,Very Active,38.4
28,Male,174,66.8,63.1,Weight Loss,Moderate,11.5
19,Male,175,111.6,83.5,Weight Loss,Active,50.0
25,Male,182,119.4,110.1,Weight Loss,Active,20.6
22,Male,186,103.1,90.4,Weight Loss,Moderate,32.0
28,Female,150,89.0,98.1,Muscle Gain,Moderate,83.2
44,Female,146,45.4,57.6,General Fitness,Sedentary,43.9
56,Female,169,93.2,89.8,Weight Loss,Sedentary,11.7
17,Female,154,91.6,88.1,General Fitness,Active,12.6
23,Male,185,104.5,102.6,General Fitness,Moderate,6.2
67,Female,155,68.1,74.1,Muscle Gain,Very Active,69.3
38,Male,162,106.1,104.7,General Fitness,Moderate,4.5
68,Female,161,79.2,82.7,Muscle Gain,Active,36.9
45,Male,157,102.8,108.3,Muscle Gain,Sedentary,51.1
63,Female,178,54.3,48.6,Weight Loss,Very Active,16.7
41,Female,149,51.2,35.4,Weight Loss,Sedentary,51.0
23,Female,145,62.1,69.7,General Fitness,Very Active,21.8
47,Male,163,107.4,100.5,Weight Loss,Moderate,21.5
60,Male,180,73.3,63.7,General Fitness,Sedentary,41.4
42,Female,168,81.4,62.8,Weight Loss,Active,49.8
55,Male,158,106.6,91.9,General Fitness,Very Active,59.5
68,Male,170,65.5,71.0,General Fitness,Sedentary,22.9
55,Female,170,69.9,76.6,Muscle Gain,Moderate,63.0
22,Female,162,81.1,89.3,General Fitness,Very Active,25.1
36,Female,176,87.5,72.2,Weight Loss,Active,36.0
63,Male,188,72.1,84.0,General Fitness,Active,47.6
21,Male,169,118.4,105.8,General Fitness,Moderate,40.2
34,Female,173,69.0,39.4,Weight Loss,Active,70.2
40,Male,187,67.7,54.9,General Fitness,Moderate,46.9
48,Male,193,105.7,87.5,Weight Loss,Active,44.9
49,Male,169,100.1,85.1,General Fitness,Active,60.4
58,Female,155,79.9,53.7,Weight Loss,Sedentary,94.3
49,Male,194,82.6,78.8,General Fitness,Moderate,13.8
15,Male,159,71.3,80.1,General Fitness,Active,26.8
18,Male,181,64.1,56.4,General Fitness,Sedentary,24.3
56,Male,181,80.4,86.7,Muscle Gain,Moderate,76.2
32,Female,153,94.1,87.8,Weight Loss,Moderate,18.6
24,Male,172,104.4,101.1,Weight Loss,Very Active,7.8
48,Male,161,105.2,95.8,General Fitness,Active,38.0
63,Male,173,69.6,72.0,General Fitness,Very Active,9.5
68,Male,182,82.4,92.3,General Fitness,Very Active,44.7
41,Female,161,99.1,103.5,Muscle Gain,Active,45.4
30,Male,192,87.2,96.5,General Fitness,Very Active,31.7
50,Male,193,109.4,115.7,General Fitness,Very Active,24.9
52,Male,161,92.4,89.8,General Fitness,Sedentary,9.0
67,Female,170,84.5,86.1,General Fitness,Very Active,6.8
40,Female,172,81.8,80.4,General Fitness,Sedentary,5.3
21,Male,173,114.8,127.0,General Fitness,Active,39.9
63,Female,167,88.0,91.4,General Fitness,Very Active,13.8
21,Male,160,96.6,104.9,Muscle Gain,Active,76.2
63,Female,169,56.1,69.1,General Fitness,Moderate,53.6
38,Female,155,97.8,106.3,Muscle Gain,Very Active,98.2
47,Male,190,74.3,56.2,Weight Loss,Active,42.4
54,Female,150,62.8,53.7,Weight Loss,Active,23.3
57,Male,172,56.7,47.6,Weight Loss,Moderate,34.9
43,Male,168,64.4,53.4,Weight Loss,Moderate,33.9
68,Male,183,81.9,73.2,General Fitness,Very Active,39.9
55,Female,169,86.1,64.0,Weight Loss,Very Active,61.5
19,Female,153,62.7,50.1,General Fitness,Active,42.6
49,Male,175,61.8,36.5,Weight Loss,Very Active,70.6
60,Male,190,108.4,112.5,General Fitness,Active,15.0
50,Male,158,113.2,97.3,Weight Loss,Very Active,36.4
19,Male,172,92.0,63.4,Weight Loss,Active,64.8
42,Male,163,119.1,123.1,General Fitness,Very Active,16.5
36,Female,159,76.3,89.6,General Fitness,Active,44.0
70,Male,155,118.1,119.8,General Fitness,Active,7.5
48,Male,181,102.5,79.7,Weight Loss,Sedentary,67.7
68,Male,166,56.9,42.9,General Fitness,Moderate,61.6
40,Female,169,89.3,76.0,Weight Loss,Sedentary,40.0
26,Female,151,62.1,54.3,Weight Loss,Active,18.4
20,Female,156,59.3,65.7,Muscle Gain,Very Active,62.2
36,Female,173,86.3,78.0,General Fitness,Sedentary,33.5
58,Male,178,61.2,60.2,General Fitness,Sedentary,4.0
27,Female,176,55.0,46.1,Weight Loss,Moderate,21.5
53,Female,168,76.6,49.5,Weight Loss,Moderate,85.3
67,Male,183,57.0,55.5,General Fitness,Moderate,7.2
37,Female,156,77.5,83.3,Muscle Gain,Sedentary,65.8
65,Female,173,96.9,86.5,General Fitness,Very Active,43.6
24,Female,160,97.8,81.5,Weight Loss,Active,35.5
18,Female,175,89.6,62.0,Weight Loss,Active,58.6
57,Male,175,114.3,123.2,General Fitness,Sedentary,34.8
23,Male,183,104.6,112.6,Muscle Gain,Active,74.6
54,Female,169,61.8,76.7,General Fitness,Very Active,61.1
27,Male,160,75.0,65.8,General Fitness,Sedentary,32.5
49,Female,146,47.6,42.4,General Fitness,Sedentary,20.7
67,Female,172,85.6,77.3,General Fitness,Sedentary,35.7
28,Female,151,70.1,66.5,General Fitness,Sedentary,12.2
46,Female,158,76.4,56.8,Weight Loss,Moderate,62.5
59,Male,162,115.1,118.2,Muscle Gain,Moderate,35.1
26,Male,179,108.7,114.9,General Fitness,Active,20.4
53,Male,170,95.4,85.4,Weight Loss,Moderate,38.0
28,Female,162,67.5,68.6,General Fitness,Active,3.9
67,Female,176,58.9,62.1,Muscle Gain,Moderate,38.3
23,Female,159,48.9,42.8,Weight Loss,Very Active,13.9
33,Female,179,60.8,73.8,General Fitness,Very Active,50.4
67,Male,167,116.8,98.8,Weight Loss,Very Active,54.5
48,Female,147,70.8,64.8,Weight Loss,Moderate,19.4
26,Male,160,104.6,79.8,Weight Loss,Very Active,57.0
17,Male,191,55.9,48.8,Weight Loss,Active,13.3
44,Female,157,94.6,90.1,Weight Loss,Active,10.3
47,Female,149,57.4,37.5,Weight Loss,Active,52.1
16,Female,173,48.8,53.2,General Fitness,Very Active,15.5
18,Male,162,99.5,85.4,Weight Loss,Active,34.5
61,Male,175,79.1,76.1,General Fitness,Moderate,13.5
15,Male,191,58.8,45.3,Weight Loss,Very Active,28.4
51,Male,189,59.8,39.3,Weight Loss,Sedentary,58.3
33,Female,169,69.7,81.2,General Fitness,Very Active,39.0
55,Male,166,117.6,104.1,Weight Loss,Active,35.0
62,Female,146,68.7,57.6,Weight Loss,Active,31.2
28,Male,180,82.4,89.2,General Fitness,Active,19.5
60,Male,167,91.9,63.3,Weight Loss,Moderate,92.0
38,Female,164,56.7,62.1,Muscle Gain,Very Active,55.7
34,Male,194,81.8,85.6,General Fitness,Very Active,15.8
48,Male,182,66.7,59.5,General Fitness,Very Active,26.3
32,Female,154,80.3,71.2,General Fitness,Moderate,25.5
44,Male,170,111.4,116.6,Muscle Gain,Active,53.7
58,Female,151,88.3,92.8,Muscle Gain,Sedentary,56.7
69,Male,160,75.4,48.1,Weight Loss,Active,93.9
28,Male,174,109.6,115.7,General Fitness,Moderate,18.8
60,Female,156,60.9,65.6,Muscle Gain,Active,57.3
41,Male,162,89.6,69.9,Weight Loss,Moderate,58.8
59,Male,172,99.8,86.1,General Fitness,Very Active,57.6
65,Female,157,97.9,86.2,Weight Loss,Sedentary,46.2
16,Male,194,112.9,123.0,Muscle Gain,Very Active,86.6
27,Male,185,79.7,83.3,Muscle Gain,Very Active,32.6
36,Female,168,89.2,102.2,General Fitness,Very Active,49.5
23,Female,167,84.6,93.3,General Fitness,Active,27.7
66,Male,161,70.8,63.0,Weight Loss,Moderate,28.4
64,Male,160,111.1,107.8,Weight Loss,Moderate,13.0
70,Male,194,59.6,68.8,General Fitness,Active,41.5
54,Female,152,48.1,45.2,General Fitness,Sedentary,10.2
15,Male,182,106.5,97.2,Weight Loss,Sedentary,25.9
39,Male,175,95.7,92.0,General Fitness,Sedentary,12.7
45,Female,163,85.2,75.9,General Fitness,Moderate,34.1
20,Female,156,98.6,88.5,Weight Loss,Sedentary,25.4
59,Male,159,67.2,54.3,General Fitness,Sedentary,60.7
53,Male,181,87.9,95.8,Muscle Gain,Active,73.5
19,Female,148,48.5,57.4,Muscle Gain,Moderate,84.2
20,Male,183,55.8,44.4,General Fitness,Very Active,37.1
59,Female,149,76.3,87.5,General Fitness,Active,47.3
17,Male,177,81.6,54.8,Weight Loss,Moderate,71.9
70,Female,174,69.9,75.3,Muscle Gain,Very Active,70.8
28,Male,161,56.1,40.3,Weight Loss,Moderate,43.8
16,Female,176,66.6,74.8,Muscle Gain,Moderate,68.9
46,Female,176,68.8,40.2,Weight Loss,Moderate,90.4
37,Male,161,59.3,67.8,Muscle Gain,Sedentary,93.1
24,Female,160,73.5,65.6,General Fitness,Active,27.4
34,Female,155,63.6,71.9,Muscle Gain,Sedentary,62.4
53,Female,153,74.1,79.9,General Fitness,Sedentary,24.9
19,Male,156,84.1,94.2,Muscle Gain,Very Active,89.5
60,Female,160,89.7,94.2,General Fitness,Moderate,20.9
39,Male,164,95.5,99.9,Muscle Gain,Sedentary,48.3
19,Female,173,66.4,72.7,Muscle Gain,Active,51.6
38,Female,148,71.1,67.0,General Fitness,Moderate,15.6
59,Male,155,74.4,80.9,Muscle Gain,Very Active,81.0
35,Male,156,63.1,76.2,General Fitness,Moderate,49.9
68,Female,169,75.3,55.3,Weight Loss,Active,61.6
35,Female,147,80.4,88.9,Muscle Gain,Moderate,79.8
61,Male,163,87.3,73.3,General Fitness,Sedentary,62.2
60,Male,170,61.0,48.3,Weight Loss,Moderate,47.6
56,Male,180,100.1,91.4,General Fitness,Very Active,39.6
22,Male,171,69.8,73.8,Muscle Gain,Moderate,37.8
35,Male,179,104.1,83.0,Weight Loss,Active,51.5
46,Male,156,98.5,87.7,General Fitness,Active,45.6
28,Male,169,92.9,89.7,Weight Loss,Sedentary,9.0
47,Male,165,80.8,77.7,General Fitness,Active,11.3
47,Female,169,53.8,60.2,Muscle Gain,Active,68.1
53,Female,177,87.4,78.9,Weight Loss,Very Active,21.7
66,Male,161,103.3,76.7,Weight Loss,Very Active,76.8
68,Male,168,112.6,125.1,General Fitness,Active,52.4
51,Female,161,56.9,53.3,Weight Loss,Moderate,11.7
70,Male,176,68.4,39.8,Weight Loss,Moderate,90.8
44,Female,170,78.1,81.4,General Fitness,Active,12.9
65,Female,160,49.3,46.8,General Fitness,Active,11.0
69,Male,155,116.5,130.5,General Fitness,Sedentary,59.0
19,Female,162,68.0,66.7,General Fitness,Active,4.4
45,Male,166,55.9,50.6,Weight Loss,Sedentary,15.9
32,Male,156,100.7,111.9,Muscle Gain,Active,101.7
40,Male,179,56.9,40.5,Weight Loss,Sedentary,46.7
61,Female,175,56.1,60.8,General Fitness,Active,19.9
66,Male,155,119.7,115.5,Weight Loss,Very Active,12.0
65,Female,159,84.4,95.8,General Fitness,Very Active,42.1
44,Female,175,75.0,61.9,Weight Loss,Active,34.9
35,Female,167,67.4,76.5,General Fitness,Moderate,29.5
24,Female,176,82.2,92.1,Muscle Gain,Active,90.5
23,Female,166,95.9,75.5,Weight Loss,Active,45.1
17,Female,166,72.8,59.8,General Fitness,Moderate,45.0
69,Female,153,98.7,110.8,General Fitness,Moderate,48.8
47,Male,189,57.7,62.5,Muscle Gain,Sedentary,39.2
61,Female,168,75.2,61.5,Weight Loss,Active,44.4
62,Female,171,82.8,53.1,Weight Loss,Active,93.1
24,Male,167,101.6,88.1,General Fitness,Very Active,45.4
59,Female,164,58.3,44.3,Weight Loss,Sedentary,47.0
67,Male,167,56.5,55.1,General Fitness,Sedentary,6.6
19,Male,171,84.4,78.2,Weight Loss,Sedentary,15.0
15,Female,164,63.9,70.1,General Fitness,Very Active,19.7
55,Female,147,82.4,97.1,General Fitness,Very Active,63.2
31,Female,175,92.4,101.9,Muscle Gain,Sedentary,99.0
31,Female,179,50.1,40.5,Weight Loss,Very Active,22.8
52,Male,156,115.8,108.6,General Fitness,Moderate,25.1
66,Female,179,81.0,84.8,Muscle Gain,Very Active,43.7
26,Male,183,74.1,77.4,General Fitness,Very Active,10.7
58,Female,154,98.3,102.6,Muscle Gain,Sedentary,47.7
66,Female,152,50.6,43.8,Weight Loss,Very Active,21.6
41,Female,175,46.8,53.9,General Fitness,Sedentary,26.7
31,Male,177,85.9,69.2,Weight Loss,Sedentary,46.9
16,Male,165,60.6,52.6,Weight Loss,Sedentary,20.7
22,Male,190,57.6,61.4,General Fitness,Very Active,11.5
15,Male,178,58.9,46.9,General Fitness,Very Active,34.9
34,Female,153,62.6,67.0,General Fitness,Sedentary,15.3
45,Male,185,68.9,61.2,Weight Loss,Very Active,17.5
69,Male,187,64.5,41.0,Weight Loss,Moderate,81.6
51,Female,155,58.6,70.1,General Fitness,Sedentary,44.5
18,Male,182,57.8,66.2,Muscle Gain,Very Active,77.8
57,Female,168,66.5,47.1,Weight Loss,Moderate,68.4
45,Male,194,116.7,124.8,General Fitness,Moderate,31.8
46,Male,159,83.1,79.3,Weight Loss,Active,10.4
60,Male,164,105.2,106.8,General Fitness,Sedentary,6.8
32,Male,173,93.6,100.5,Muscle Gain,Active,63.7
37,Female,164,55.6,43.6,Weight Loss,Moderate,29.1
53,Female,172,81.8,88.0,Muscle Gain,Active,68.8
27,Male,178,101.3,92.6,General Fitness,Active,32.8
22,Female,163,80.1,84.0,General Fitness,Moderate,13.6
38,Male,170,80.5,91.5,General Fitness,Very Active,43.6
27,Female,161,96.0,80.7,Weight Loss,Sedentary,47.0
27,Female,162,47.8,54.8,General Fitness,Very Active,23.9
39,Male,175,62.8,68.9,Muscle Gain,Very Active,63.2
69,Female,149,60.3,42.5,Weight Loss,Sedentary,62.9
36,Male,194,101.8,91.1,Weight Loss,Sedentary,31.2
54,Male,193,92.1,81.9,Weight Loss,Moderate,36.3
16,Female,180,77.1,53.5,Weight Loss,Moderate,66.0
49,Male,194,56.1,61.8,Muscle Gain,Moderate,61.6
21,Female,160,91.5,98.3,Muscle Gain,Sedentary,58.2
26,Female,159,60.4,61.4,General Fitness,Moderate,3.4
43,Female,158,57.8,70.7,General Fitness,Very Active,51.6
28,Male,186,83.4,96.7,General Fitness,Active,37.1
47,Female,169,91.1,71.7,Weight Loss,Very Active,48.0
53,Female,169,54.3,40.4,Weight Loss,Sedentary,42.2
40,Male,172,71.2,79.1,Muscle Gain,Active,77.8
39,Female,167,64.8,66.1,General Fitness,Sedentary,4.6
42,Female,161,64.2,71.8,Muscle Gain,Sedentary,88.3
38,Male,158,104.4,99.0,Weight Loss,Very Active,13.4
31,Male,160,89.1,79.2,Weight Loss,Sedentary,30.0
33,Male,190,85.6,78.7,General Fitness,Moderate,24.3
53,Male,159,59.4,53.7,Weight Loss,Moderate,20.2
64,Male,184,91.0,84.8,General Fitness,Sedentary,24.8
30,Male,155,76.2,79.6,General Fitness,Moderate,10.3
40,Male,163,65.9,58.3,General Fitness,Sedentary,30.2
51,Male,172,85.1,77.7,General Fitness,Active,30.7
19,Male,179,63.8,53.0,Weight Loss,Sedentary,26.2
50,Female,179,84.9,98.3,General Fitness,Very Active,49.9
63,Female,161,73.8,80.5,General Fitness,Very Active,31.7
19,Male,193,119.7,94.0,Weight Loss,Moderate,60.9
39,Male,179,74.5,75.8,General Fitness,Very Active,5.5
42,Male,195,103.8,88.7,Weight Loss,Moderate,43.8
40,Male,170,64.3,77.9,General Fitness,Active,53.4
44,Female,174,65.4,71.9,Muscle Gain,Very Active,66.8
37,Female,177,75.3,71.2,Weight Loss,Active,9.8
36,Female,157,62.1,45.4,Weight Loss,Active,40.1
62,Male,190,72.5,68.8,Weight Loss,Moderate,12.1
16,Male,183,81.2,93.4,General Fitness,Active,40.0
33,Female,168,47.8,39.6,General Fitness,Active,27.9
36,Male,183,102.5,82.3,Weight Loss,Very Active,44.5
20,Male,194,80.0,66.4,Weight Loss,Moderate,28.5
15,Male,163,67.6,49.2,Weight Loss,Active,36.7
50,Female,161,99.5,90.8,Weight Loss,Very Active,27.4
31,Male,185,106.2,97.3,Weight Loss,Sedentary,27.3
22,Male,160,98.5,110.9,General Fitness,Very Active,40.3
48,Female,154,81.7,94.4,General Fitness,Active,50.2
42,Male,185,72.7,44.3,Weight Loss,Sedentary,92.6
18,Female,164,89.1,96.5,Muscle Gain,Very Active,58.0
69,Male,169,112.2,107.7,General Fitness,Moderate,22.1
41,Male,180,82.3,76.7,General Fitness,Active,22.3
57,Male,159,105.4,77.4,Weight Loss,Very Active,81.8
40,Female,172,91.7,99.6,Muscle Gain,Moderate,85.5
65,Male,155,64.8,50.2,Weight Loss,Sedentary,51.5
18,Male,155,85.6,87.1,General Fitness,Moderate,4.5
57,Female,150,47.2,60.7,General Fitness,Active,57.0
23,Male,159,85.1,72.2,General Fitness,Active,38.1
66,Male,183,78.3,86.4,General Fitness,Very Active,36.3
65,Female,164,81.6,88.2,Muscle Gain,Moderate,80.2
23,Male,164,102.0,91.4,Weight Loss,Very Active,23.3
52,Female,160,84.5,77.4,General Fitness,Active,29.3
45,Female,147,65.0,71.5,General Fitness,Moderate,24.7
68,Male,171,80.3,55.4,Weight Loss,Sedentary,103.0
65,Female,165,69.7,82.1,General Fitness,Very Active,47.6
15,Female,155,97.5,104.3,General Fitness,Moderate,19.5
23,Female,160,73.2,56.8,Weight Loss,Sedentary,44.0
41,Female,147,87.4,67.3,Weight Loss,Moderate,54.2
36,Female,145,50.8,39.0,General Fitness,Active,42.2
58,Male,187,72.8,59.3,Weight Loss,Active,42.5
36,Female,146,67.4,47.5,Weight Loss,Active,48.5
15,Female,178,57.6,64.4,Muscle Gain,Active,55.6
15,Female,172,47.6,42.5,Weight Loss,Very Active,10.1
16,Female,177,92.8,104.1,General Fitness,Very Active,38.5
49,Male,190,73.7,78.7,Muscle Gain,Moderate,57.1
26,Male,189,97.6,100.8,Muscle Gain,Active,26.9
56,Female,160,97.1,93.5,Weight Loss,Active,10.1
25,Male,173,98.7,105.5,General Fitness,Active,23.6
38,Male,161,104.7,99.7,General Fitness,Moderate,20.1
69,Male,155,117.0,112.2,Weight Loss,Sedentary,20.1
63,Female,173,63.6,47.1,Weight Loss,Sedentary,54.4
45,Female,162,88.2,82.2,General Fitness,Sedentary,21.7
66,Female,157,75.0,65.2,Weight Loss,Very Active,25.8
19,Male,165,64.5,61.3,General Fitness,Sedentary,10.0
16,Female,166,91.9,104.0,General Fitness,Active,38.8
28,Male,165,67.4,57.5,General Fitness,Very Active,36.5
50,Male,184,80.2,70.2,General Fitness,Very Active,39.8
27,Male,155,92.1,88.6,Weight Loss,Very Active,7.6
41,Female,145,98.3,85.2,General Fitness,Active,49.9
52,Male,163,85.8,67.9,Weight Loss,Sedentary,55.9
65,Female,165,58.5,41.0,Weight Loss,Sedentary,74.1
69,Female,151,48.0,56.1,Muscle Gain,Sedentary,87.5
67,Male,179,120.0,124.9,General Fitness,Active,22.1
19,Male,186,75.0,69.8,General Fitness,Active,19.2
21,Male,171,104.9,113.3,Muscle Gain,Sedentary,73.4
52,Male,160,70.0,59.5,Weight Loss,Moderate,34.1
50,Male,174,61.5,54.8,General Fitness,Active,26.4
57,Female,166,59.8,63.7,Muscle Gain,Sedentary,49.8
31,Female,155,77.5,68.6,General Fitness,Sedentary,25.6
26,Male,191,100.5,105.3,Muscle Gain,Moderate,49.8
37,Male,163,81.3,90.6,General Fitness,Active,35.6
60,Female,171,59.0,39.7,Weight Loss,Sedentary,59.3
52,Male,167,103.5,81.8,Weight Loss,Very Active,60.2
57,Male,170,63.6,62.0,General Fitness,Sedentary,7.8
58,Male,180,63.6,59.5,General Fitness,Sedentary,15.4
60,Male,162,108.9,107.7,General Fitness,Moderate,5.2
24,Female,154,84.8,60.6,Weight Loss,Very Active,50.0
28,Male,179,78.0,64.8,General Fitness,Moderate,45.1
42,Female,148,58.9,69.3,Muscle Gain,Active,102.7
62,Male,184,89.1,80.6,Weight Loss,Sedentary,31.5
52,Female,174,64.1,74.1,General Fitness,Sedentary,39.9
68,Male,185,117.6,122.4,General Fitness,Active,22.7
16,Male,170,96.9,106.4,Muscle Gain,Moderate,72.5
61,Male,178,88.9,67.3,Weight Loss,Active,56.5
62,Female,170,46.1,37.2,General Fitness,Active,39.9
48,Male,155,64.7,66.0,General Fitness,Very Active,5.3
27,Female,156,51.0,39.7,Weight Loss,Very Active,24.6
45,Female,157,94.0,82.2,Weight Loss,Very Active,27.1
59,Female,149,50.7,37.2,General Fitness,Sedentary,61.3
44,Female,171,74.4,51.5,Weight Loss,Moderate,69.9
60,Male,163,69.3,73.3,General Fitness,Very Active,16.4
15,Male,192,81.6,51.8,Weight Loss,Active,61.6
36,Female,160,78.6,73.1,Weight Loss,Sedentary,15.9
17,Female,175,82.9,74.3,General Fitness,Moderate,26.7
59,Female,167,96.4,73.1,Weight Loss,Very Active,76.2
55,Male,191,56.4,46.0,Weight Loss,Sedentary,34.8
62,Male,157,102.6,94.3,Weight Loss,Moderate,28.7
33,Male,184,59.0,43.9,Weight Loss,Moderate,41.9
61,Male,168,78.8,55.4,Weight Loss,Sedentary,87.8
24,Female,149,90.8,94.0,General Fitness,Very Active,10.4
17,Male,189,66.4,40.6,Weight Loss,Active,50.4
63,Female,155,56.6,49.4,Weight Loss,Sedentary,28.5
68,Female,179,81.3,88.0,Muscle Gain,Moderate,78.6
54,Female,173,60.4,67.8,Muscle Gain,Moderate,71.1
27,Male,180,74.2,86.0,General Fitness,Sedentary,43.2
65,Male,163,113.6,109.4,General Fitness,Sedentary,17.5
47,Male,193,90.3,85.3,Weight Loss,Sedentary,13.6
31,Male,171,76.6,81.9,Muscle Gain,Sedentary,54.6
46,Male,168,64.1,39.8,Weight Loss,Very Active,56.4
54,Male,183,59.6,48.5,General Fitness,Moderate,48.2
58,Female,162,99.6,108.3,Muscle Gain,Moderate,100.9
64,Male,156,111.1,88.6,Weight Loss,Sedentary,75.0
63,Male,195,93.1,97.5,Muscle Gain,Moderate,50.9
43,Male,189,97.1,101.1,Muscle Gain,Sedentary,44.2
37,Male,175,79.6,82.2,General Fitness,Moderate,9.6
35,Female,169,70.8,78.9,General Fitness,Sedentary,25.5
15,Male,171,112.6,99.4,Weight Loss,Sedentary,37.7
61,Female,178,60.1,53.1,Weight Loss,Active,20.0
30,Female,171,53.2,48.4,General Fitness,Sedentary,15.4
50,Female,147,79.4,77.7,General Fitness,Sedentary,6.7
54,Male,177,106.1,109.4,Muscle Gain,Very Active,40.0
18,Male,172,107.1,79.0,Weight Loss,Sedentary,72.2
50,Female,178,85.6,93.0,Muscle Gain,Sedentary,91.2
50,Female,175,72.4,58.4,General Fitness,Moderate,49.5
48,Female,149,67.0,62.6,General Fitness,Moderate,17.3
54,Male,173,102.2,110.5,General Fitness,Very Active,30.7
63,Female,168,86.7,60.3,Weight Loss,Active,60.0
65,Male,169,101.9,88.9,Weight Loss,Very Active,38.4
38,Male,170,91.1,74.6,Weight Loss,Sedentary,55.0
17,Male,173,99.6,101.4,General Fitness,Active,5.9
28,Male,177,67.6,50.4,Weight Loss,Moderate,53.1
40,Female,159,89.4,77.1,General Fitness,Sedentary,39.4
48,Male,184,101.9,89.9,General Fitness,Very Active,48.6
55,Male,167,87.0,80.4,Weight Loss,Sedentary,21.6
41,Female,147,84.8,56.0,Weight Loss,Sedentary,88.8
28,Male,156,119.8,116.0,Weight Loss,Moderate,10.3
36,Male,185,96.4,80.0,Weight Loss,Very Active,39.4
61,Female,171,95.4,82.0,General Fitness,Sedentary,52.5
21,Male,189,74.0,78.2,General Fitness,Active,14.3
19,Male,170,84.3,72.2,Weight Loss,Moderate,28.8
31,Female,147,83.2,57.1,Weight Loss,Sedentary,79.2
62,Female,147,90.6,70.6,Weight Loss,Very Active,59.1
40,Female,172,68.9,44.6,Weight Loss,Very Active,51.6
22,Male,163,82.7,69.8,General Fitness,Sedentary,39.7
38,Male,179,80.9,61.5,Weight Loss,Moderate,64.5
64,Male,168,71.5,59.3,Weight Loss,Moderate,42.4
22,Female,160,61.7,70.5,General Fitness,Sedentary,28.1
57,Male,178,84.3,62.6,Weight Loss,Sedentary,85.4
51,Male,192,101.0,113.2,General Fitness,Active,53.0
31,Male,192,107.5,93.6,Weight Loss,Very Active,32.3
70,Female,163,90.7,100.7,General Fitness,Very Active,42.4
24,Male,189,105.9,96.8,General Fitness,Active,28.1
21,Male,166,109.5,84.7,Weight Loss,Moderate,68.2
56,Female,173,54.6,61.3,Muscle Gain,Sedentary,67.4
35,Male,193,114.0,103.9,General Fitness,Moderate,39.4
37,Male,181,112.7,117.7,Muscle Gain,Sedentary,46.2
36,Male,156,90.7,77.8,General Fitness,Very Active,45.3
49,Female,154,68.9,73.6,General Fitness,Active,19.0
55,Female,149,95.8,102.5,Muscle Gain,Very Active,88.3
63,Female,152,58.9,62.6,General Fitness,Active,16.9
30,Female,164,91.7,86.9,General Fitness,Moderate,16.4
39,Female,149,99.9,102.5,General Fitness,Very Active,10.0
57,Male,167,107.9,95.9,Weight Loss,Sedentary,44.4
39,Male,188,58.6,38.1,Weight Loss,Sedentary,61.1
70,Male,192,116.7,106.7,General Fitness,Moderate,46.2
29,Male,195,73.2,74.4,General Fitness,Active,4.3
63,Male,181,98.6,107.9,General Fitness,Very Active,41.8
62,Male,186,102.1,114.7,General Fitness,Sedentary,58.1
27,Female,157,70.0,64.6,Weight Loss,Moderate,14.3
49,Female,150,70.5,62.0,Weight Loss,Very Active,20.3
20,Male,193,65.6,59.3,General Fitness,Sedentary,20.9
23,Female,174,72.3,53.8,Weight Loss,Active,42.5
52,Female,148,84.9,90.8,Muscle Gain,Active,74.6
70,Female,170,61.2,57.0,Weight Loss,Moderate,15.7
33,Male,158,70.4,76.9,Muscle Gain,Active,66.8
45,Female,179,51.0,44.2,Weight Loss,Very Active,15.8
57,Female,177,54.4,50.8,General Fitness,Very Active,14.6
46,Male,192,89.9,86.3,General Fitness,Sedentary,14.8
25,Female,179,63.7,76.3,General Fitness,Very Active,44.9
70,Male,189,70.8,75.8,Muscle Gain,Moderate,60.9
41,Male,156,77.0,86.0,General Fitness,Active,33.6
40,Female,178,87.9,93.4,Muscle Gain,Moderate,54.9
55,Male,177,76.3,69.0,Weight Loss,Moderate,26.0
15,Female,166,74.6,67.3,General Fitness,Active,23.3
35,Male,191,80.9,65.6,Weight Loss,Moderate,45.5
30,Male,182,95.5,86.9,General Fitness,Active,28.2
61,Male,193,101.6,106.1,General Fitness,Very Active,20.0
20,Male,177,115.0,119.3,General Fitness,Very Active,11.4
32,Male,179,105.7,91.2,General Fitness,Very Active,49.1
60,Female,154,91.0,88.2,General Fitness,Very Active,12.6
65,Female,179,62.5,70.8,General Fitness,Sedentary,35.4
38,Male,158,100.2,113.6,General Fitness,Moderate,53.5
58,Female,174,76.3,79.8,Muscle Gain,Active,42.6
49,Male,166,105.6,93.3,Weight Loss,Active,34.0
67,Male,194,74.1,53.9,Weight Loss,Active,65.1
65,Male,180,109.0,104.9,General Fitness,Active,18.4
40,Female,159,92.8,83.8,Weight Loss,Moderate,28.0
63,Female,176,87.5,76.7,Weight Loss,Active,32.0
27,Female,164,79.5,73.3,Weight Loss,Sedentary,15.9
53,Male,185,65.7,57.3,Weight Loss,Very Active,20.2
32,Female,147,49.7,55.8,General Fitness,Moderate,18.9
61,Male,166,78.8,51.9,Weight Loss,Moderate,103.8
30,Female,172,69.6,78.0,Muscle Gain,Sedentary,76.0
69,Male,164,100.3,90.3,General Fitness,Active,50.6
64,Female,167,54.8,41.5,Weight Loss,Sedentary,45.9
50,Male,158,94.3,107.0,General Fitness,Very Active,43.9
23,Male,170,109.9,121.9,Muscle Gain,Active,98.6
49,Female,166,85.3,92.2,General Fitness,Active,27.8
26,Female,177,52.1,37.7,General Fitness,Active,50.3
36,Male,156,63.8,50.9,General Fitness,Very Active,51.0
38,Male,195,69.9,49.4,Weight Loss,Active,55.6
23,Male,162,107.0,80.6,Weight Loss,Moderate,69.4
35,Male,176,86.2,69.1,Weight Loss,Sedentary,45.4
58,Female,151,60.6,65.6,General Fitness,Moderate,20.4
24,Female,176,98.0,87.3,General Fitness,Very Active,36.1
61,Female,163,80.4,85.9,Muscle Gain,Very Active,59.9
69,Male,187,119.0,97.0,Weight Loss,Active,60.4
27,Male,159,63.2,53.7,General Fitness,Moderate,32.0
18,Female,169,85.6,72.2,General Fitness,Sedentary,42.3
25,Female,158,84.5,95.4,Muscle Gain,Very Active,93.9
64,Male,185,81.3,92.2,General Fitness,Moderate,46.8
45,Male,184,75.9,52.7,Weight Loss,Active,54.8
45,Female,153,65.8,52.7,General Fitness,Active,54.3
47,Female,174,66.0,45.2,Weight Loss,Sedentary,72.8
40,Male,158,90.7,94.2,General Fitness,Sedentary,11.1
26,Male,159,84.7,88.7,General Fitness,Very Active,12.4
68,Male,156,76.2,72.8,General Fitness,Moderate,13.4
61,Female,172,89.0,68.3,Weight Loss,Sedentary,69.5
30,Male,190,90.8,86.5,General Fitness,Active,14.8
59,Female,160,88.4,75.4,General Fitness,Active,48.7
32,Female,171,51.7,62.8,General Fitness,Active,36.2
15,Male,166,92.1,102.6,Muscle Gain,Very Active,90.0
30,Male,193,85.5,68.3,Weight Loss,Active,39.6
28,Female,176,83.9,71.5,General Fitness,Sedentary,39.9
16,Male,161,63.8,51.0,Weight Loss,Moderate,33.1
26,Male,157,112.4,117.1,General Fitness,Moderate,15.1
37,Female,158,83.1,94.2,General Fitness,Very Active,39.7
55,Female,179,66.7,62.1,Weight Loss,Moderate,17.8
32,Male,174,70.4,56.9,Weight Loss,Sedentary,43.4
22,Male,184,59.3,46.6,General Fitness,Active,37.0
16,Male,164,96.8,100.1,General Fitness,Sedentary,10.9
27,Male,185,73.0,46.6,Weight Loss,Active,62.8
15,Male,191,82.0,66.3,Weight Loss,Moderate,36.1
20,Male,193,117.9,114.9,General Fitness,Very Active,10.2
22,Male,168,65.2,78.3,General Fitness,Moderate,47.9
43,Male,163,102.0,81.1,Weight Loss,Sedentary,60.9
28,Female,179,45.7,51.7,Muscle Gain,Active,60.9
24,Female,163,54.7,52.4,General Fitness,Sedentary,7.8
36,Female,145,76.7,71.1,General Fitness,Moderate,21.2
39,Male,163,56.1,43.6,General Fitness,Active,47.6
23,Male,192,87.3,83.8,Weight Loss,Active,6.8
22,Male,164,72.9,58.5,Weight Loss,Very Active,33.5
49,Female,168,66.3,54.6,General Fitness,Active,50.8
38,Male,194,65.5,72.4,Muscle Gain,Sedentary,68.5
70,Male,192,56.5,63.4,Muscle Gain,Very Active,75.5
17,Male,170,58.8,55.3,Weight Loss,Active,7.5
38,Female,173,77.5,89.4,General Fitness,Sedentary,47.7
68,Female,156,97.0,104.3,Muscle Gain,Very Active,87.5
44,Male,182,55.2,51.0,Weight Loss,Active,11.1
21,Female,173,66.9,55.2,General Fitness,Moderate,34.7
48,Female,147,74.9,57.9,Weight Loss,Very Active,44.2
24,Female,146,92.8,97.6,Muscle Gain,Sedentary,43.0
44,Female,150,55.8,57.4,General Fitness,Sedentary,6.3
44,Male,169,76.6,47.4,Weight Loss,Sedentary,89.8
46,Female,164,56.0,65.8,Muscle Gain,Active,103.8
16,Male,156,91.7,95.2,General Fitness,Moderate,11.5
53,Female,161,72.3,78.8,Muscle Gain,Very Active,70.4
57,Male,167,94.5,100.2,Muscle Gain,Moderate,57.2
40,Female,172,90.3,94.6,Muscle Gain,Very Active,50.3
68,Male,163,100.5,92.8,General Fitness,Moderate,38.3
18,Male,183,93.3,72.3,Weight Loss,Sedentary,57.5
16,Male,171,93.1,105.3,Muscle Gain,Sedentary,99.6
51,Male,155,75.5,65.2,General Fitness,Active,42.3
55,Female,159,80.6,87.0,Muscle Gain,Very Active,74.5
67,Female,171,66.0,74.8,General Fitness,Sedentary,38.5
21,Male,164,69.1,77.0,Muscle Gain,Very Active,65.7
66,Male,155,59.4,71.9,General Fitness,Very Active,51.7
16,Male,168,85.4,97.2,Muscle Gain,Moderate,99.8
41,Male,158,109.7,88.9,Weight Loss,Sedentary,60.8
21,Male,189,116.3,104.1,General Fitness,Active,41.5
24,Female,152,49.6,42.4,General Fitness,Very Active,26.6
67,Female,149,98.4,112.4,General Fitness,Sedentary,59.5
25,Female,152,69.8,83.1,General Fitness,Moderate,45.2
47,Male,178,83.4,82.2,General Fitness,Very Active,4.9
49,Male,157,82.2,70.6,Weight Loss,Active,31.6
39,Male,191,60.5,41.4,Weight Loss,Moderate,58.8
25,Male,187,112.9,123.3,General Fitness,Sedentary,36.7
50,Male,187,64.8,76.0,General Fitness,Very Active,46.5
32,Female,147,77.4,73.2,General Fitness,Sedentary,13.3
22,Female,167,68.5,52.2,Weight Loss,Very Active,37.4
33,Male,190,91.3,79.3,Weight Loss,Very Active,30.1
55,Female,147,93.7,65.7,Weight Loss,Active,76.6
39,Female,179,58.7,63.4,General Fitness,Very Active,18.4
21,Male,179,64.3,79.0,General Fitness,Active,51.5
32,Male,189,90.5,89.5,General Fitness,Very Active,4.2
49,Female,177,57.5,59.1,General Fitness,Very Active,6.0
42,Female,146,79.3,81.2,General Fitness,Sedentary,7.4
52,Male,170,78.3,54.9,Weight Loss,Sedentary,82.8
21,Male,169,68.9,46.5,Weight Loss,Very Active,46.8
30,Male,157,114.7,123.2,Muscle Gain,Moderate,90.5
64,Male,156,114.2,123.3,Muscle Gain,Active,97.7
24,Female,161,51.9,56.6,Muscle Gain,Very Active,45.1
70,Female,157,83.3,88.1,General Fitness,Sedentary,20.7
63,Female,175,94.3,66.2,Weight Loss,Very Active,91.7
59,Male,171,93.6,84.6,General Fitness,Moderate,44.2
68,Male,190,64.5,72.1,Muscle Gain,Very Active,87.9
59,Male,194,90.7,96.1,General Fitness,Very Active,22.2
35,Female,166,77.4,62.7,General Fitness,Sedentary,52.7
61,Male,193,99.2,94.6,Weight Loss,Moderate,16.3
59,Female,169,93.9,97.7,Muscle Gain,Moderate,37.5
20,Male,182,99.4,94.7,Weight Loss,Very Active,9.9
35,Female,160,67.6,45.4,Weight Loss,Very Active,49.8
35,Male,178,94.0,80.8,Weight Loss,Active,30.1
53,Male,191,74.6,67.9,Weight Loss,Sedentary,25.2
33,Female,169,99.9,78.5,Weight Loss,Sedentary,56.3
42,Female,176,67.6,73.2,General Fitness,Very Active,22.6
67,Female,164,62.3,35.9,Weight Loss,Sedentary,94.8
27,Female,177,89.3,92.8,Muscle Gain,Moderate,34.7
31,Male,180,111.9,87.8,Weight Loss,Active,57.1
29,Female,148,45.5,59.5,General Fitness,Active,51.9
26,Male,164,74.1,45.1,Weight Loss,Sedentary,78.3
59,Female,175,62.1,67.4,Muscle Gain,Very Active,58.8
39,Female,146,50.7,47.2,General Fitness,Sedentary,11.8
21,Male,185,93.3,108.0,General Fitness,Sedentary,58.6
27,Female,150,54.5,63.8,General Fitness,Moderate,34.6
43,Female,153,99.7,85.7,Weight Loss,Active,31.4
19,Female,154,85.2,57.4,Weight Loss,Very Active,52.1
29,Male,185,77.2,62.6,Weight Loss,Active,34.4
44,Female,180,64.3,51.8,General Fitness,Sedentary,50.1
31,Male,178,106.8,121.5,General Fitness,Active,50.3
31,Male,174,97.4,86.7,Weight Loss,Very Active,24.4
70,Female,157,91.5,95.8,Muscle Gain,Moderate,55.0
60,Male,183,73.6,56.1,Weight Loss,Moderate,62.0
43,Female,173,94.6,88.0,General Fitness,Sedentary,20.7
56,Male,165,86.8,88.2,General Fitness,Active,5.7
37,Male,155,97.6,93.0,Weight Loss,Very Active,10.3
30,Male,157,71.6,60.6,General Fitness,Very Active,38.7
35,Male,189,87.7,93.2,Muscle Gain,Moderate,67.5
60,Male,180,83.6,75.5,General Fitness,Sedentary,33.7
42,Female,148,90.4,97.0,Muscle Gain,Active,71.4
45,Female,158,69.8,57.8,General Fitness,Sedentary,48.0
30,Male,193,63.0,71.5,General Fitness,Active,30.9
52,Female,178,73.3,70.1,General Fitness,Very Active,15.1
52,Female,153,91.1,95.9,Muscle Gain,Very Active,48.7
31,Female,169,57.8,70.1,General Fitness,Moderate,44.6
23,Female,158,90.7,70.2,Weight Loss,Active,41.1
30,Female,151,53.3,47.3,Weight Loss,Moderate,17.9
67,Female,155,96.9,78.6,Weight Loss,Very Active,49.8
60,Male,191,91.2,87.2,General Fitness,Sedentary,16.5
15,Male,166,70.0,43.0,Weight Loss,Sedentary,66.7
44,Male,182,79.7,75.5,Weight Loss,Very Active,11.5
60,Male,179,62.9,71.6,General Fitness,Very Active,39.8
35,Male,170,96.7,94.5,General Fitness,Active,8.0
65,Female,180,80.3,86.6,Muscle Gain,Very Active,71.9
68,Female,151,46.9,53.3,Muscle Gain,Active,70.9
43,Female,149,63.2,49.6,General Fitness,Very Active,50.6
42,Female,162,50.1,53.3,Muscle Gain,Very Active,39.8
66,Male,183,90.2,94.9,Muscle Gain,Sedentary,50.9
17,Female,178,78.8,72.7,General Fitness,Very Active,18.2
53,Female,174,88.2,70.9,Weight Loss,Very Active,54.4
45,Female,178,99.7,109.9,General Fitness,Sedentary,34.4
38,Male,192,82.9,92.1,Muscle Gain,Sedentary,79.1
39,Male,156,100.1,95.8,General Fitness,Very Active,18.3
59,Male,177,84.5,55.5,Weight Loss,Very Active,83.7
34,Male,160,91.0,94.1,Muscle Gain,Sedentary,28.3
65,Female,174,64.9,48.1,Weight Loss,Sedentary,63.6
39,Male,193,67.0,71.3,Muscle Gain,Active,43.8
53,Male,192,81.2,86.5,Muscle Gain,Sedentary,61.0
24,Female,175,63.4,44.5,Weight Loss,Moderate,55.4
61,Female,168,59.7,53.1,Weight Loss,Active,17.2
38,Female,176,90.8,92.4,General Fitness,Active,5.9
23,Male,178,87.3,84.3,Weight Loss,Moderate,7.5
19,Male,195,81.0,95.0,General Fitness,Sedentary,45.3
44,Female,155,56.6,61.9,Muscle Gain,Sedentary,52.0
50,Female,165,93.8,66.9,Weight Loss,Moderate,85.9
20,Female,176,73.6,45.1,Weight Loss,Sedentary,69.2
60,Male,183,70.6,63.9,Weight Loss,Active,19.9
49,Female,168,45.3,40.5,Weight Loss,Very Active,13.5
20,Female,152,76.6,62.0,General Fitness,Sedentary,45.8
35,Female,156,68.5,45.3,Weight Loss,Sedentary,69.1
29,Male,183,58.5,49.5,General Fitness,Active,27.4
19,Male,182,93.6,72.2,Weight Loss,Very Active,43.7
59,Female,163,57.5,67.5,General Fitness,Active,51.3
70,Female,171,64.0,73.3,General Fitness,Moderate,38.4
68,Female,150,97.8,73.4,Weight Loss,Very Active,80.6
66,Male,174,107.7,112.1,Muscle Gain,Moderate,57.8
36,Male,157,65.0,41.1,Weight Loss,Active,58.5
19,Female,174,94.1,85.3,Weight Loss,Moderate,26.3
40,Female,162,98.8,105.9,General Fitness,Sedentary,27.3
60,Female,161,94.0,65.9,Weight Loss,Moderate,98.5
26,Male,175,107.0,113.4,General Fitness,Active,23.6
40,Female,168,69.7,64.0,General Fitness,Sedentary,23.1
28,Female,156,85.1,88.3,Muscle Gain,Moderate,28.5
64,Male,175,62.0,69.9,General Fitness,Active,30.9
29,Male,161,116.8,131.8,General Fitness,Sedentary,50.8
24,Female,166,89.3,67.3,Weight Loss,Sedentary,56.2
18,Female,156,54.3,55.6,General Fitness,Very Active,4.1
26,Male,183,113.6,125.6,General Fitness,Moderate,38.8
70,Male,181,104.4,82.5,Weight Loss,Moderate,81.6
22,Male,176,68.9,46.5,Weight Loss,Active,48.3
43,Male,195,112.9,121.7,Muscle Gain,Active,98.5
53,Male,190,58.2,45.6,Weight Loss,Very Active,32.3
29,Female,149,47.6,62.4,General Fitness,Sedentary,51.8
28,Male,192,62.7,70.4,Muscle Gain,Sedentary,79.2
42,Male,157,87.9,66.0,Weight Loss,Moderate,65.7
49,Female,164,79.5,51.9,Weight Loss,Sedentary,76.9
54,Male,194,113.0,127.4,General Fitness,Active,62.1
58,Female,166,53.1,40.3,Weight Loss,Active,33.8
41,Male,186,92.0,73.4,Weight Loss,Sedentary,52.2
17,Female,160,99.8,111.3,Muscle Gain,Active,97.2
57,Male,167,92.1,97.1,General Fitness,Moderate,19.9
40,Male,186,84.8,61.3,Weight Loss,Sedentary,59.6
15,Male,168,65.4,74.3,Muscle Gain,Active,80.4
28,Male,179,75.4,68.9,Weight Loss,Very Active,16.1
21,Female,174,74.5,66.5,Weight Loss,Active,17.9
57,Male,191,100.7,97.6,General Fitness,Moderate,11.8
19,Female,145,85.5,89.0,Muscle Gain,Sedentary,30.1
68,Male,157,78.2,79.3,General Fitness,Very Active,4.9
24,Female,152,49.9,36.3,Weight Loss,Sedentary,38.9
33,Male,176,117.2,89.3,Weight Loss,Sedentary,86.0
66,Female,145,93.7,96.7,General Fitness,Moderate,13.8
19,Female,161,70.4,62.9,General Fitness,Moderate,26.6
22,Male,160,107.1,81.4,Weight Loss,Very Active,58.3
26,Male,167,83.0,68.6,General Fitness,Sedentary,51.4
48,Male,162,88.9,61.3,Weight Loss,Active,72.4
51,Male,161,83.2,95.0,General Fitness,Active,52.9
36,Male,190,90.8,102.0,General Fitness,Active,42.0
25,Female,151,66.0,57.8,General Fitness,Very Active,25.5
26,Male,187,72.9,87.4,General Fitness,Very Active,54.2
47,Male,163,65.9,54.3,General Fitness,Sedentary,48.0
50,Male,168,95.0,77.5,Weight Loss,Moderate,55.7
18,Male,171,60.8,50.3,Weight Loss,Moderate,26.2
61,Female,153,95.9,82.9,General Fitness,Moderate,57.1
23,Male,157,96.2,110.9,General Fitness,Sedentary,49.0
23,Male,183,87.4,61.4,Weight Loss,Moderate,72.1
30,Male,178,101.7,100.1,General Fitness,Sedentary,6.3
18,Male,181,71.5,77.8,Muscle Gain,Active,59.2
23,Male,159,99.4,89.3,General Fitness,Moderate,35.6
45,Female,164,65.8,56.3,General Fitness,Sedentary,33.7
31,Male,170,109.7,86.7,Weight Loss,Sedentary,68.4
40,Female,155,53.3,48.1,Weight Loss,Very Active,14.7
46,Male,155,87.6,74.7,Weight Loss,Very Active,32.6
38,Male,178,58.9,40.2,Weight Loss,Very Active,43.0
43,Female,172,66.5,72.8,Muscle Gain,Sedentary,60.3
60,Female,159,76.2,82.0,General Fitness,Moderate,23.2
27,Female,153,91.6,78.2,Weight Loss,Very Active,29.1
56,Male,190,100.2,95.5,General Fitness,Active,17.4
49,Male,186,116.7,107.4,General Fitness,Sedentary,37.0
61,Female,164,94.9,72.7,Weight Loss,Moderate,84.3
27,Female,180,63.6,70.7,Muscle Gain,Moderate,61.3
44,Male,166,112.8,123.1,General Fitness,Active,44.4
31,Male,167,116.7,112.8,Weight Loss,Moderate,11.7
60,Male,178,110.1,92.8,Weight Loss,Sedentary,65.9
61,Female,162,65.3,49.7,Weight Loss,Active,41.9
46,Female,166,88.8,95.4,General Fitness,Active,27.5
30,Female,172,65.4,49.7,Weight Loss,Active,32.8
23,Female,150,54.7,44.0,Weight Loss,Active,23.5
51,Male,176,115.1,129.2,General Fitness,Sedentary,59.3
63,Male,180,93.7,102.2,Muscle Gain,Moderate,92.0
40,Female,164,91.4,87.9,General Fitness,Very Active,12.1
39,Male,162,115.7,123.6,Muscle Gain,Moderate,74.4
30,Female,155,96.8,109.2,General Fitness,Moderate,44.6
25,Male,164,115.6,119.9,Muscle Gain,Active,42.1
42,Female,177,88.9,93.5,General Fitness,Moderate,15.7
27,Male,165,111.5,83.3,Weight Loss,Very Active,65.8
65,Male,176,111.9,99.4,General Fitness,Very Active,57.8
23,Female,172,67.0,75.5,Muscle Gain,Very Active,72.4
15,Male,162,73.1,68.4,Weight Loss,Very Active,10.0
67,Male,164,107.9,93.8,General Fitness,Active,64.1
56,Male,188,97.8,101.6,Muscle Gain,Active,41.6
69,Male,166,102.4,97.6,Weight Loss,Very Active,13.1
57,Male,167,62.8,66.2,Muscle Gain,Very Active,33.0
64,Female,158,87.0,69.7,Weight Loss,Sedentary,64.2
17,Male,167,62.9,72.3,Muscle Gain,Moderate,70.6
65,Male,170,77.4,88.5,General Fitness,Very Active,47.8
25,Male,164,96.6,72.8,Weight Loss,Moderate,69.0
65,Female,167,57.4,61.6,General Fitness,Moderate,18.0
17,Male,185,80.8,94.5,General Fitness,Active,41.6
39,Male,193,87.4,73.0,General Fitness,Moderate,56.5
21,Male,155,86.9,92.6,Muscle Gain,Sedentary,51.9
50,Male,190,96.1,102.2,Muscle Gain,Moderate,68.8
60,Male,171,89.7,97.1,Muscle Gain,Very Active,90.1
35,Female,173,86.5,91.7,Muscle Gain,Moderate,45.2
24,Male,165,114.8,98.1,Weight Loss,Moderate,48.3
31,Male,164,77.5,62.6,General Fitness,Active,54.6
40,Male,158,79.5,54.3,Weight Loss,Active,57.0
56,Female,148,94.5,85.0,Weight Loss,Active,25.6
69,Female,152,74.2,63.9,Weight Loss,Sedentary,38.2
64,Male,162,97.5,92.0,General Fitness,Active,24.7
26,Male,180,98.0,81.3,Weight Loss,Very Active,41.3
29,Female,175,81.1,87.5,General Fitness,Very Active,23.9
38,Female,165,58.8,63.0,Muscle Gain,Sedentary,38.0
38,Male,160,82.8,71.7,General Fitness,Sedentary,42.9
36,Male,182,72.7,63.7,General Fitness,Active,36.1
52,Female,165,69.8,61.8,General Fitness,Moderate,33.4
66,Male,163,56.2,62.1,Muscle Gain,Sedentary,78.1
19,Male,194,111.3,103.4,General Fitness,Sedentary,29.1
19,Male,167,92.2,68.9,Weight Loss,Active,52.8
44,Female,179,76.2,68.8,General Fitness,Very Active,29.0
25,Female,172,72.0,55.9,Weight Loss,Sedentary,48.0
23,Male,183,97.4,87.0,General Fitness,Moderate,34.5
56,Female,179,68.1,75.1,Muscle Gain,Very Active,80.2
27,Male,162,94.2,104.0,General Fitness,Active,32.3
22,Female,154,47.5,41.2,Weight Loss,Moderate,15.8
66,Female,163,71.4,60.4,General Fitness,Very Active,50.6
16,Female,171,58.4,66.8,Muscle Gain,Sedentary,75.0
44,Female,173,49.3,62.7,General Fitness,Moderate,49.0
29,Male,175,68.4,79.1,General Fitness,Very Active,37.2
37,Male,162,65.5,58.2,Weight Loss,Active,20.4
42,Female,164,57.9,60.0,General Fitness,Moderate,7.6
54,Female,170,64.2,69.1,General Fitness,Active,18.4
34,Female,161,88.2,100.3,General Fitness,Moderate,50.0
33,Female,159,76.6,84.2,Muscle Gain,Very Active,80.1
48,Female,180,54.4,61.2,Muscle Gain,Sedentary,81.7
23,Female,175,84.8,88.9,General Fitness,Very Active,12.6
21,Male,155,119.9,96.4,Weight Loss,Moderate,60.1
59,Female,156,51.3,35.4,Weight Loss,Sedentary,61.1
34,Male,188,77.6,85.5,Muscle Gain,Active,88.1
45,Female,153,92.3,97.4,Muscle Gain,Active,56.7
34,Male,172,91.8,65.9,Weight Loss,Sedentary,71.0
61,Female,159,76.2,51.0,Weight Loss,Moderate,103.4
21,Male,163,105.6,109.5,General Fitness,Active,12.0
66,Female,150,95.7,76.2,Weight Loss,Very Active,58.5
33,Female,156,55.5,41.5,Weight Loss,Moderate,42.3
27,Male,174,84.7,76.8,Weight Loss,Moderate,22.9
16,Female,164,57.8,42.6,Weight Loss,Sedentary,38.9
65,Female,179,90.7,92.2,General Fitness,Very Active,6.9
39,Male,192,117.4,114.3,General Fitness,Active,9.2
25,Female,180,78.5,67.9,Weight Loss,Moderate,29.7
23,Male,188,119.6,99.8,Weight Loss,Moderate,55.2
16,Male,163,76.5,58.0,Weight Loss,Moderate,46.4
15,Male,169,56.4,48.1,Weight Loss,Moderate,23.9
19,Female,152,81.9,92.2,Muscle Gain,Very Active,101.2
26,Male,169,102.8,84.8,Weight Loss,Sedentary,49.6
49,Male,173,84.8,56.2,Weight Loss,Moderate,95.2
60,Male,165,117.2,96.3,Weight Loss,Very Active,55.3
39,Male,178,96.6,103.5,Muscle Gain,Sedentary,65.8
55,Female,154,63.7,37.2,Weight Loss,Very Active,77.5
63,Female,179,60.5,67.8,Muscle Gain,Very Active,82.9
30,Male,195,67.2,48.7,Weight Loss,Very Active,43.2
23,Male,160,60.6,56.3,Weight Loss,Sedentary,12.4
30,Female,167,99.0,90.3,General Fitness,Sedentary,30.1
70,Male,186,73.9,77.5,Muscle Gain,Sedentary,46.5
37,Male,161,93.2,102.9,General Fitness,Moderate,34.0
62,Female,152,72.2,64.5,Weight Loss,Active,21.6
38,Male,173,64.7,58.6,Weight Loss,Sedentary,17.4
59,Male,189,108.1,99.6,Weight Loss,Sedentary,26.0
15,Female,162,70.6,58.3,General Fitness,Active,36.9
64,Female,177,82.6,84.6,General Fitness,Very Active,8.6
46,Male,171,95.6,109.3,General Fitness,Very Active,52.3
25,Female,165,67.8,72.6,General Fitness,Moderate,15.9
20,Male,180,77.7,72.4,Weight Loss,Very Active,12.0
51,Male,165,64.8,54.1,Weight Loss,Active,27.0
28,Male,157,64.9,73.3,Muscle Gain,Very Active,71.3
30,Female,174,81.8,56.9,Weight Loss,Very Active,52.2
54,Female,177,46.5,56.9,General Fitness,Active,41.0
61,Male,161,69.5,52.0,Weight Loss,Moderate,60.2
51,Male,189,110.4,101.3,Weight Loss,Active,22.7
26,Male,164,61.1,35.7,Weight Loss,Sedentary,63.1
49,Female,176,99.5,94.3,General Fitness,Very Active,21.0
48,Male,175,72.0,80.5,General Fitness,Sedentary,35.1
33,Female,170,86.2,74.3,General Fitness,Very Active,39.1
28,Female,163,81.2,78.6,General Fitness,Moderate,8.9
19,Female,157,55.1,43.8,Weight Loss,Moderate,27.6
25,Male,194,71.4,62.5,Weight Loss,Active,20.5
70,Male,194,84.0,58.7,Weight Loss,Very Active,73.5
51,Female,178,50.3,47.0,General Fitness,Active,13.6
18,Male,169,111.9,105.0,General Fitness,Sedentary,22.0
18,Male,155,77.6,73.8,General Fitness,Sedentary,14.5
30,Female,178,94.5,76.7,Weight Loss,Active,41.9
40,Male,189,100.3,92.9,Weight Loss,Very Active,18.1
58,Male,168,68.9,61.1,General Fitness,Very Active,32.7
55,Female,179,95.2,106.7,General Fitness,Sedentary,44.4
21,Male,170,83.2,91.4,Muscle Gain,Very Active,78.1
27,Male,164,98.1,73.7,Weight Loss,Sedentary,65.2
21,Male,189,110.2,87.5,Weight Loss,Moderate,59.9
44,Male,193,102.3,106.4,Muscle Gain,Moderate,41.1
40,Female,175,72.1,76.7,Muscle Gain,Sedentary,53.8
30,Male,159,95.4,102.9,General Fitness,Active,29.8
47,Female,152,64.4,45.4,Weight Loss,Very Active,52.4
37,Male,186,66.6,56.1,General Fitness,Active,39.8
23,Female,165,69.7,64.4,General Fitness,Sedentary,17.9
23,Male,192,111.0,114.4,Muscle Gain,Active,30.0
24,Female,171,68.3,83.1,General Fitness,Very Active,52.2
44,Female,160,60.9,45.5,Weight Loss,Very Active,44.4
61,Female,179,89.5,83.6,Weight Loss,Very Active,18.4
15,Male,175,117.7,115.0,General Fitness,Very Active,8.9
44,Male,157,80.8,88.7,Muscle Gain,Moderate,81.0
32,Male,189,109.2,96.5,Weight Loss,Moderate,31.9
50,Male,189,92.3,84.2,Weight Loss,Sedentary,24.8
65,Male,178,114.5,110.2,Weight Loss,Very Active,12.2
61,Male,179,104.4,90.5,Weight Loss,Active,38.4
16,Female,167,66.3,68.7,General Fitness,Moderate,8.6
56,Female,152,74.2,70.9,General Fitness,Sedentary,16.2
42,Male,178,112.8,106.5,Weight Loss,Moderate,19.4
37,Male,194,93.8,67.2,Weight Loss,Active,58.1
36,Male,170,69.0,78.9,General Fitness,Sedentary,32.8
46,Female,164,71.4,57.9,Weight Loss,Active,33.1
38,Female,159,78.0,72.4,General Fitness,Active,19.2
35,Male,155,86.8,84.7,General Fitness,Moderate,7.2
40,Male,163,97.8,69.2,Weight Loss,Moderate,84.2
30,Male,195,64.3,78.9,General Fitness,Very Active,54.0
50,Female,165,54.4,63.6,General Fitness,Active,37.4
23,Male,175,61.6,64.2,General Fitness,Active,9.4
22,Female,167,76.9,54.9,Weight Loss,Very Active,48.0
33,Female,158,47.0,37.8,Weight Loss,Active,20.6
22,Male,188,69.2,64.0,Weight Loss,Moderate,14.5
30,Male,188,114.7,129.4,General Fitness,Moderate,46.5
47,Male,189,112.8,100.4,General Fitness,Very Active,51.3
49,Female,175,55.8,45.1,Weight Loss,Very Active,29.0
58,Female,149,62.2,55.9,Weight Loss,Active,17.1
21,Female,177,76.0,78.5,General Fitness,Sedentary,7.5
32,Female,169,72.3,49.4,Weight Loss,Active,55.5
25,Female,170,77.4,79.3,General Fitness,Very Active,7.0
23,Male,192,94.3,84.4,Weight Loss,Very Active,20.3
31,Female,166,47.9,38.7,General Fitness,Very Active,33.3
49,Male,193,91.0,75.0,Weight Loss,Sedentary,43.7
68,Male,176,65.6,76.5,General Fitness,Moderate,46.5
52,Female,168,69.1,78.0,General Fitness,Very Active,33.4
26,Male,164,59.6,71.0,General Fitness,Sedentary,36.3
48,Male,189,67.2,47.8,Weight Loss,Active,51.7
15,Female,166,86.3,69.0,Weight Loss,Very Active,34.5
65,Female,162,88.7,95.2,Muscle Gain,Sedentary,64.6
63,Male,182,110.2,104.1,Weight Loss,Active,14.5
54,Male,186,109.2,111.3,General Fitness,Moderate,8.2
68,Male,161,83.9,65.3,Weight Loss,Moderate,71.3
62,Male,155,105.0,94.6,General Fitness,Very Active,43.0
16,Male,162,62.9,58.5,General Fitness,Very Active,15.1
69,Male,191,119.0,107.7,Weight Loss,Moderate,40.7
30,Female,172,47.3,51.3,Muscle Gain,Sedentary,39.3
69,Female,177,84.4,86.0,General Fitness,Sedentary,7.3
28,Male,184,68.4,63.5,Weight Loss,Active,9.2
28,Female,169,86.7,89.7,General Fitness,Very Active,10.9
47,Male,193,81.1,71.5,Weight Loss,Active,25.3
60,Female,145,79.5,61.8,Weight Loss,Sedentary,64.8
55,Female,163,69.8,60.1,Weight Loss,Active,34.8
30,Female,176,76.2,85.3,Muscle Gain,Very Active,72.3
33,Male,170,80.5,59.2,Weight Loss,Very Active,56.7
68,Male,187,114.2,106.6,General Fitness,Moderate,33.3
49,Female,171,99.8,79.2,Weight Loss,Moderate,69.1
30,Female,163,54.7,49.5,Weight Loss,Active,11.9
17,Female,168,98.0,101.6,Muscle Gain,Active,31.7
28,Male,155,72.2,56.1,Weight Loss,Very Active,31.9
69,Male,187,111.7,119.2,Muscle Gain,Moderate,98.5
44,Female,152,74.1,83.2,General Fitness,Active,33.8
51,Male,157,82.2,68.3,Weight Loss,Very Active,33.6
26,Male,187,89.9,102.9,General Fitness,Moderate,42.1
22,Female,174,59.6,51.3,Weight Loss,Very Active,17.1
65,Female,151,86.7,99.4,General Fitness,Sedentary,57.5
28,Male,192,87.8,70.7,Weight Loss,Active,36.3
28,Male,190,85.5,95.6,General Fitness,Very Active,36.6
28,Male,180,73.5,65.9,General Fitness,Moderate,27.4
60,Female,145,78.3,58.5,Weight Loss,Moderate,80.0
40,Male,163,77.7,65.7,General Fitness,Moderate,47.2
70,Female,159,94.2,74.7,Weight Loss,Moderate,73.5
23,Female,145,59.8,67.6,Muscle Gain,Very Active,77.6
59,Male,192,109.5,99.2,Weight Loss,Very Active,27.2
38,Male,170,109.6,89.2,Weight Loss,Active,52.5
60,Male,194,75.1,60.7,General Fitness,Very Active,60.5
31,Male,191,81.4,85.0,General Fitness,Very Active,12.7
65,Male,164,67.1,70.3,Muscle Gain,Active,39.5
21,Male,161,89.7,69.9,Weight Loss,Very Active,41.8
39,Male,188,83.1,61.5,Weight Loss,Active,53.7
15,Male,164,90.5,75.4,Weight Loss,Very Active,34.4
64,Male,157,57.1,45.0,Weight Loss,Moderate,47.1
15,Female,166,70.6,61.1,General Fitness,Sedentary,28.1
30,Male,163,76.7,52.2,Weight Loss,Very Active,52.1
28,Male,194,85.0,76.9,Weight Loss,Very Active,19.6
25,Male,165,61.1,65.0,General Fitness,Very Active,13.9
19,Male,179,87.2,83.6,General Fitness,Very Active,12.8
50,Male,159,85.8,86.9,General Fitness,Moderate,4.3
18,Female,154,90.4,66.9,Weight Loss,Very Active,42.4
38,Female,154,50.1,36.4,Weight Loss,Moderate,40.3
28,Male,192,72.5,76.9,Muscle Gain,Moderate,44.6
34,Male,183,106.9,99.3,General Fitness,Active,26.1
28,Female,156,68.1,77.9,General Fitness,Sedentary,35.2
45,Male,181,60.1,44.5,Weight Loss,Moderate,49.0
58,Female,153,59.9,65.7,General Fitness,Sedentary,25.1
25,Male,182,90.1,100.0,Muscle Gain,Sedentary,82.4
31,Female,175,75.6,87.7,General Fitness,Very Active,42.6
39,Male,158,114.0,97.5,Weight Loss,Very Active,30.7
31,Female,146,73.1,80.0,Muscle Gain,Very Active,65.3
51,Male,157,86.9,77.2,General Fitness,Sedentary,34.0
47,Female,172,59.9,45.7,General Fitness,Active,57.7
51,Male,188,81.7,71.3,Weight Loss,Moderate,38.8
25,Male,159,119.9,111.5,Weight Loss,Sedentary,21.3
70,Female,145,64.8,59.2,General Fitness,Moderate,28.9
16,Male,156,90.7,77.5,Weight Loss,Sedentary,36.2
44,Female,160,77.7,68.1,General Fitness,Very Active,36.2
22,Male,180,106.9,103.3,Weight Loss,Active,8.4
62,Female,147,66.4,75.0,General Fitness,Very Active,34.7
69,Female,180,68.4,83.4,General Fitness,Sedentary,64.3
16,Male,193,108.0,78.7,Weight Loss,Sedentary,71.6
30,Female,172,51.5,49.1,General Fitness,Moderate,7.6
48,Female,150,62.5,41.6,Weight Loss,Sedentary,74.7
36,Female,177,52.8,61.8,General Fitness,Active,32.0
55,Male,171,107.3,86.4,Weight Loss,Moderate,73.3
35,Male,170,73.1,83.1,Muscle Gain,Moderate,94.5
43,Female,154,84.4,89.0,Muscle Gain,Very Active,49.3
23,Male,169,88.4,97.8,General Fitness,Moderate,30.7
24,Male,157,89.5,73.0,Weight Loss,Very Active,32.1
41,Female,164,53.8,67.8,General Fitness,Moderate,56.5
33,Female,150,53.8,48.2,Weight Loss,Sedentary,16.5
21,Male,190,62.6,55.7,General Fitness,Active,24.5
37,Male,191,56.2,66.5,General Fitness,Active,35.1
44,Male,193,66.2,61.7,Weight Loss,Sedentary,14.9
18,Female,150,52.0,59.1,Muscle Gain,Sedentary,62.4
51,Male,195,82.8,70.3,Weight Loss,Moderate,45.8
24,Female,173,68.0,72.1,General Fitness,Moderate,13.9
54,Female,150,63.3,60.1,Weight Loss,Sedentary,9.4
61,Female,164,72.0,68.9,General Fitness,Moderate,12.3
20,Female,176,100.0,91.5,General Fitness,Very Active,26.9
67,Female,174,81.7,73.8,Weight Loss,Moderate,29.2
69,Female,171,83.7,70.2,Weight Loss,Very Active,36.5
24,Female,153,60.2,62.3,General Fitness,Very Active,8.3
47,Female,162,88.5,93.6,General Fitness,Very Active,22.4
52,Male,158,96.5,90.4,General Fitness,Moderate,25.9
47,Female,175,99.6,70.3,Weight Loss,Active,76.2
70,Male,172,107.8,96.5,Weight Loss,Active,33.2
62,Female,169,75.1,60.8,General Fitness,Very Active,57.1
48,Female,154,70.5,67.4,Weight Loss,Sedentary,10.4
29,Female,166,82.2,57.9,Weight Loss,Active,54.5
48,Male,188,73.0,60.8,General Fitness,Sedentary,40.8
70,Female,146,64.1,68.8,Muscle Gain,Active,54.6
20,Male,165,108.0,95.0,Weight Loss,Moderate,33.2
20,Male,166,71.1,72.5,General Fitness,Active,5.2
15,Male,170,87.3,92.0,Muscle Gain,Very Active,41.4
50,Male,192,95.5,81.7,General Fitness,Very Active,49.3
17,Male,155,68.6,40.8,Weight Loss,Active,59.5
21,Female,176,86.1,67.2,Weight Loss,Moderate,44.1
17,Female,151,93.7,82.1,General Fitness,Very Active,39.3
61,Female,177,59.2,68.3,General Fitness,Sedentary,37.6
70,Female,168,95.7,85.9,General Fitness,Active,44.1
64,Male,184,93.9,97.9,Muscle Gain,Moderate,42.7
68,Male,164,63.4,67.2,General Fitness,Very Active,18.4
41,Male,190,111.1,83.8,Weight Loss,Very Active,52.4
50,Male,155,98.8,76.5,Weight Loss,Active,56.7
70,Female,177,46.7,52.6,Muscle Gain,Very Active,76.8
27,Female,153,56.7,50.2,General Fitness,Active,24.1
52,Male,157,106.3,92.9,Weight Loss,Very Active,34.5
69,Female,174,59.3,49.0,General Fitness,Active,44.9
19,Female,172,79.1,84.1,Muscle Gain,Active,47.7
20,Female,165,48.0,50.6,General Fitness,Moderate,7.1
19,Female,145,71.4,68.1,Weight Loss,Very Active,6.7
47,Male,159,69.3,72.5,Muscle Gain,Active,33.1
53,Male,159,107.9,102.5,General Fitness,Very Active,22.1
38,Male,159,79.5,57.1,Weight Loss,Sedentary,54.5
40,Female,160,57.7,70.8,General Fitness,Active,46.3
45,Female,160,75.3,63.6,Weight Loss,Active,30.0
43,Male,186,76.4,70.7,Weight Loss,Sedentary,18.6
63,Male,191,87.4,89.8,General Fitness,Active,10.1
69,Female,147,86.9,62.0,Weight Loss,Very Active,75.1
61,Female,169,46.0,35.0,Weight Loss,Moderate,36.0
19,Male,183,61.6,46.2,Weight Loss,Active,33.8
22,Male,178,80.0,84.7,General Fitness,Very Active,15.5
28,Male,161,86.6,94.8,Muscle Gain,Sedentary,73.4
64,Male,166,112.8,107.6,General Fitness,Sedentary,23.1
60,Female,174,81.9,75.5,General Fitness,Active,28.9
64,Male,180,99.5,109.3,Muscle Gain,Active,98.5
24,Female,175,97.0,84.0,General Fitness,Moderate,44.4
45,Female,171,83.0,70.3,Weight Loss,Very Active,35.5
61,Male,187,109.3,89.9,Weight Loss,Very Active,48.9
66,Female,161,73.4,87.5,General Fitness,Sedentary,58.9
59,Male,176,105.7,81.7,Weight Loss,Sedentary,82.0
65,Female,146,82.8,54.3,Weight Loss,Active,77.6
42,Female,161,87.7,93.1,General Fitness,Very Active,19.0
37,Female,161,53.7,40.8,General Fitness,Active,47.9
24,Male,166,86.0,73.0,General Fitness,Active,38.9
26,Female,148,83.8,80.3,General Fitness,Moderate,11.4
63,Female,149,91.0,65.6,Weight Loss,Sedentary,93.4
46,Female,151,68.3,72.3,Muscle Gain,Sedentary,41.7
22,Female,163,59.8,41.9,Weight Loss,Active,38.1
26,Male,161,109.3,80.5,Weight Loss,Active,61.2
26,Male,156,113.4,90.2,Weight Loss,Moderate,56.5
26,Male,180,72.5,47.1,Weight Loss,Active,57.8
40,Male,167,84.0,60.0,Weight Loss,Sedentary,74.0
17,Female,163,77.1,81.0,General Fitness,Sedentary,12.4
32,Female,169,76.8,50.8,Weight Loss,Active,63.8
65,Female,173,68.8,59.3,Weight Loss,Active,24.8
51,Male,157,103.2,114.8,General Fitness,Moderate,53.1
37,Female,180,62.9,41.0,Weight Loss,Moderate,67.1
23,Male,184,100.5,115.4,General Fitness,Moderate,55.3
25,Male,191,62.7,69.1,General Fitness,Sedentary,20.1
67,Female,155,69.9,75.7,Muscle Gain,Active,75.4
61,Female,145,72.8,55.1,Weight Loss,Very Active,51.1
62,Female,176,99.7,76.4,Weight Loss,Very Active,65.1
49,Male,155,98.2,70.3,Weight Loss,Sedentary,100.2
25,Male,166,105.2,118.9,General Fitness,Sedentary,46.2
32,Male,171,90.2,76.4,General Fitness,Sedentary,40.9
27,Male,170,68.4,65.2,Weight Loss,Active,6.5
19,Male,157,65.0,51.9,Weight Loss,Active,27.0
22,Female,159,99.4,107.2,Muscle Gain,Sedentary,71.5
52,Male,187,107.9,83.1,Weight Loss,Very Active,66.0
54,Female,157,86.5,82.1,General Fitness,Moderate,19.8
52,Female,148,69.4,57.4,Weight Loss,Moderate,40.6
45,Female,174,62.0,49.0,Weight Loss,Sedentary,44.0
39,Male,166,93.7,67.3,Weight Loss,Sedentary,80.1
43,Male,176,95.4,83.2,General Fitness,Moderate,48.1
19,Male,169,61.5,70.8,Muscle Gain,Very Active,75.5
69,Female,162,71.0,63.9,Weight Loss,Very Active,23.3
35,Male,163,72.6,68.9,General Fitness,Active,13.9
70,Male,176,78.1,86.5,Muscle Gain,Moderate,103.6
21,Female,151,61.5,40.5,Weight Loss,Moderate,58.5
46,Male,192,85.0,88.0,General Fitness,Very Active,11.0
70,Male,163,65.0,69.6,Muscle Gain,Active,61.3
55,Male,175,100.5,91.9,General Fitness,Active,40.2
34,Male,189,86.4,88.0,General Fitness,Sedentary,6.2
28,Female,160,86.7,95.9,General Fitness,Moderate,29.6
70,Female,148,54.1,38.5,Weight Loss,Active,48.0
18,Female,178,63.3,74.9,Muscle Gain,Active,90.0
68,Female,179,54.4,66.2,General Fitness,Moderate,55.3
20,Female,170,54.3,51.1,General Fitness,Active,8.7
49,Female,156,64.4,39.9,Weight Loss,Sedentary,72.8
43,Female,156,75.4,67.3,Weight Loss,Active,19.9
20,Female,155,88.6,79.0,Weight Loss,Sedentary,24.7
51,Female,156,77.7,53.4,Weight Loss,Active,58.3
45,Male,173,97.1,93.6,Weight Loss,Sedentary,11.0
18,Male,160,92.4,88.0,General Fitness,Sedentary,13.0
59,Male,157,82.3,85.7,Muscle Gain,Sedentary,43.0
57,Male,157,75.8,83.6,Muscle Gain,Very Active,101.7
68,Male,158,85.8,78.7,General Fitness,Very Active,30.6
60,Female,178,84.2,93.2,Muscle Gain,Moderate,100.4
29,Male,184,66.3,61.5,General Fitness,Active,17.2
69,Female,159,82.0,88.5,Muscle Gain,Moderate,78.2
27,Female,151,66.4,74.1,Muscle Gain,Moderate,76.0
44,Female,156,70.5,49.7,Weight Loss,Moderate,55.8
45,Female,171,94.2,105.7,General Fitness,Active,49.2
54,Male,194,91.7,84.0,Weight Loss,Very Active,20.2
33,Male,190,69.2,57.9,Weight Loss,Moderate,32.8
25,Female,159,59.8,45.2,Weight Loss,Very Active,32.0
51,Female,161,69.7,46.2,Weight Loss,Very Active,53.8
70,Male,173,105.2,92.2,Weight Loss,Active,43.5
41,Male,190,91.9,99.7,Muscle Gain,Moderate,80.9
48,Female,172,85.4,75.2,Weight Loss,Moderate,34.4
29,Male,187,111.8,91.9,Weight Loss,Active,48.6
26,Female,150,66.5,74.2,Muscle Gain,Active,65.3
68,Female,147,77.0,72.9,General Fitness,Sedentary,19.1
18,Female,164,71.9,82.0,General Fitness,Very Active,31.1
18,Female,170,85.0,79.8,Weight Loss,Very Active,9.0
41,Female,161,94.3,81.4,General Fitness,Active,48.1
50,Female,149,65.2,54.2,Weight Loss,Very Active,27.6
67,Male,188,103.5,94.5,General Fitness,Active,41.5
59,Male,165,92.5,97.4,Muscle Gain,Very Active,59.3
30,Female,168,67.7,40.9,Weight Loss,Active,57.8
40,Male,185,96.9,75.9,Weight Loss,Sedentary,60.0
59,Male,162,90.6,95.9,Muscle Gain,Very Active,66.0
64,Male,187,84.4,94.5,General Fitness,Sedentary,33.9
58,Female,147,66.3,43.0,Weight Loss,Active,62.8
58,Female,155,83.3,61.6,Weight Loss,Active,55.3
51,Male,163,64.0,66.7,General Fitness,Active,9.8
40,Female,158,55.3,50.6,Weight Loss,Very Active,12.8
58,Male,191,108.1,122.1,General Fitness,Sedentary,56.1
41,Male,175,117.8,106.0,General Fitness,Moderate,46.0
62,Female,145,74.4,49.2,Weight Loss,Very Active,69.2
25,Female,170,77.3,74.1,General Fitness,Active,10.1
35,Male,174,99.7,79.4,Weight Loss,Moderate,54.7
37,Male,191,94.7,80.4,Weight Loss,Active,29.6
19,Male,194,77.1,89.3,Muscle Gain,Moderate,103.1
31,Male,193,89.5,60.6,Weight Loss,Active,67.5
57,Female,160,89.6,67.8,Weight Loss,Active,59.8
56,Female,162,81.5,92.0,General Fitness,Very Active,40.4
56,Male,171,112.4,93.7,Weight Loss,Very Active,53.8
36,Male,155,68.0,60.7,General Fitness,Sedentary,23.7
53,Male,164,81.8,89.9,Muscle Gain,Sedentary,96.5
16,Female,177,79.6,75.8,Weight Loss,Moderate,8.9
56,Female,163,90.8,103.6,General Fitness,Moderate,47.0
44,Male,164,88.6,98.8,General Fitness,Sedentary,37.6
55,Male,172,60.8,53.9,General Fitness,Very Active,30.7
61,Female,169,92.2,95.6,General Fitness,Sedentary,15.2
15,Female,180,46.8,52.1,Muscle Gain,Moderate,48.2
44,Male,158,96.3,71.6,Weight Loss,Sedentary,81.5
56,Female,161,63.4,71.7,General Fitness,Moderate,31.5
15,Male,173,107.7,79.6,Weight Loss,Moderate,69.2
44,Male,178,71.2,63.3,Weight Loss,Moderate,27.7
40,Female,148,58.7,65.0,General Fitness,Very Active,21.3
30,Male,179,75.7,49.9,Weight Loss,Active,63.3
37,Female,159,83.4,68.9,Weight Loss,Active,37.5
65,Male,178,105.6,100.7,General Fitness,Very Active,24.7
68,Male,187,90.5,95.5,Muscle Gain,Active,59.6
23,Female,159,68.5,55.2,Weight Loss,Moderate,42.6
33,Female,149,52.1,61.2,General Fitness,Very Active,30.7
31,Male,166,94.3,80.9,Weight Loss,Sedentary,33.9
15,Male,179,82.1,86.3,Muscle Gain,Moderate,30.1
26,Female,157,94.1,87.8,General Fitness,Very Active,22.4
63,Male,190,102.8,76.4,Weight Loss,Active,64.3
60,Female,176,69.8,73.4,General Fitness,Very Active,14.9
30,Male,171,89.1,92.9,Muscle Gain,Sedentary,37.5
21,Female,165,56.0,47.6,General Fitness,Moderate,27.5
56,Female,174,96.1,101.6,Muscle Gain,Sedentary,65.1
22,Male,156,68.3,43.4,Weight Loss,Active,58.9
55,Female,179,70.9,74.5,Muscle Gain,Moderate,37.8
68,Female,169,61.3,49.9,General Fitness,Active,48.3
54,Female,154,48.1,40.2,Weight Loss,Active,20.1
51,Female,176,99.6,85.0,Weight Loss,Sedentary,51.7
50,Male,194,81.0,67.2,General Fitness,Active,59.2
15,Female,150,71.1,80.3,Muscle Gain,Moderate,80.4
63,Female,163,91.7,94.8,Muscle Gain,Moderate,33.6
31,Male,162,101.2,109.6,Muscle Gain,Very Active,91.5
45,Male,194,75.5,68.8,General Fitness,Moderate,29.1
46,Male,167,96.8,101.0,Muscle Gain,Very Active,47.6
41,Female,150,86.7,63.1,Weight Loss,Moderate,83.6
59,Male,176,109.2,86.1,Weight Loss,Moderate,70.1
48,Male,185,67.6,60.2,General Fitness,Moderate,28.0
66,Female,163,91.8,97.1,General Fitness,Moderate,22.1
64,Female,162,72.1,73.5,General Fitness,Sedentary,6.5
19,Male,155,100.0,84.3,Weight Loss,Active,30.1
59,Female,160,97.9,90.4,Weight Loss,Very Active,23.3
37,Female,169,55.6,45.7,Weight Loss,Active,25.2
47,Male,155,77.4,68.8,General Fitness,Active,34.5
40,Female,148,80.6,55.4,Weight Loss,Sedentary,72.4
15,Male,192,71.0,45.6,Weight Loss,Active,56.5
35,Male,174,62.6,57.7,General Fitness,Active,18.7
26,Male,160,107.3,106.0,General Fitness,Moderate,4.4
55,Female,146,81.3,72.8,General Fitness,Active,29.4
25,Male,193,100.4,104.9,Muscle Gain,Active,37.7
23,Female,157,48.1,51.8,General Fitness,Very Active,10.9
53,Male,194,61.0,35.3,Weight Loss,Sedentary,77.8
20,Female,157,82.4,54.8,Weight Loss,Sedentary,73.9
17,Male,173,119.6,107.4,General Fitness,Very Active,46.8
29,Male,193,113.8,92.5,Weight Loss,Active,41.9
55,Male,167,60.2,71.7,General Fitness,Moderate,46.9
67,Female,166,85.1,94.2,General Fitness,Sedentary,43.0
23,Female,171,54.9,63.5,Muscle Gain,Very Active,80.3
29,Female,145,52.6,39.2,Weight Loss,Active,28.6
38,Female,176,89.7,62.2,Weight Loss,Moderate,85.0
17,Male,180,80.7,91.1,Muscle Gain,Moderate,76.0
23,Male,188,112.7,117.2,Muscle Gain,Sedentary,42.5
54,Female,179,77.3,80.5,Muscle Gain,Sedentary,37.0
52,Male,162,119.2,117.4,General Fitness,Sedentary,7.7
23,Male,156,94.5,82.3,Weight Loss,Active,28.6
40,Male,157,58.2,69.2,General Fitness,Moderate,41.6
37,Male,186,115.7,94.8,Weight Loss,Very Active,46.8
17,Female,165,60.7,73.2,Muscle Gain,Moderate,101.1
36,Female,159,73.3,70.6,General Fitness,Active,10.7
37,Male,195,77.8,81.8,General Fitness,Very Active,16.3
54,Male,186,58.4,36.5,Weight Loss,Very Active,59.6
66,Female,171,50.6,36.3,Weight Loss,Moderate,48.4
16,Male,183,55.7,66.3,Muscle Gain,Very Active,98.6
16,Male,159,79.3,85.7,Muscle Gain,Active,62.9
29,Male,195,116.8,102.4,Weight Loss,Very Active,30.4
31,Female,164,49.1,39.5,Weight Loss,Moderate,28.2
28,Female,151,82.4,87.9,General Fitness,Active,18.4
22,Male,191,115.7,120.1,Muscle Gain,Very Active,36.6
27,Female,165,84.2,67.8,Weight Loss,Moderate,48.5
38,Female,174,47.7,53.9,Muscle Gain,Sedentary,58.1
69,Male,185,107.1,109.3,General Fitness,Very Active,11.0
51,Male,166,65.7,46.4,Weight Loss,Sedentary,70.1
28,Female,157,91.8,97.2,Muscle Gain,Moderate,51.2
28,Female,170,60.9,56.8,Weight Loss,Moderate,11.6
56,Male,164,58.0,48.6,Weight Loss,Active,25.9
31,Male,155,59.2,39.5,Weight Loss,Sedentary,47.0
33,Male,163,68.8,57.8,Weight Loss,Active,27.6
53,Male,155,107.0,114.8,General Fitness,Moderate,27.8
60,Male,180,106.3,76.7,Weight Loss,Sedentary,102.4
26,Male,182,119.5,108.4,General Fitness,Moderate,35.4
40,Female,170,96.1,84.9,General Fitness,Sedentary,46.6
25,Male,194,87.7,95.9,Muscle Gain,Active,60.2
55,Female,175,88.5,77.5,Weight Loss,Sedentary,41.3
32,Male,156,98.9,72.4,Weight Loss,Very Active,63.2
42,Female,174,68.1,77.4,Muscle Gain,Moderate,87.5
15,Male,157,70.9,80.8,Muscle Gain,Moderate,76.3
65,Female,161,97.0,108.2,General Fitness,Very Active,55.9
53,Female,176,80.5,87.1,Muscle Gain,Active,68.5
62,Male,191,109.5,98.6,General Fitness,Very Active,42.7
17,Female,165,89.8,91.0,General Fitness,Very Active,4.1
64,Male,182,74.3,67.9,Weight Loss,Very Active,19.0
39,Male,161,63.5,60.3,General Fitness,Active,11.0
50,Male,176,69.8,73.1,Muscle Gain,Active,36.9
42,Male,165,63.9,55.7,Weight Loss,Very Active,18.8
23,Female,158,69.8,49.4,Weight Loss,Moderate,59.9
57,Female,179,98.5,87.7,Weight Loss,Active,31.1
39,Female,149,99.3,103.1,General Fitness,Sedentary,14.5
47,Female,172,82.8,63.0,Weight Loss,Active,51.2
15,Female,173,53.5,39.8,Weight Loss,Moderate,31.4
51,Male,164,82.1,68.7,Weight Loss,Sedentary,46.1
41,Male,175,78.2,66.6,Weight Loss,Sedentary,42.0
32,Female,166,72.5,86.5,General Fitness,Very Active,45.3
32,Female,145,45.4,55.0,Muscle Gain,Very Active,96.0
66,Female,178,92.1,100.0,Muscle Gain,Very Active,95.8
41,Male,179,77.9,86.4,Muscle Gain,Sedentary,81.0
70,Male,174,71.9,48.1,Weight Loss,Active,77.6
68,Female,165,90.1,63.7,Weight Loss,Moderate,99.1
28,Female,177,80.4,84.4,Muscle Gain,Moderate,32.9
61,Male,158,90.1,78.8,General Fitness,Active,49.5
62,Male,159,68.8,58.4,General Fitness,Active,48.9
67,Female,175,77.8,91.0,General Fitness,Sedentary,61.0
24,Male,190,72.5,79.1,Muscle Gain,Active,60.0
48,Female,145,61.4,75.2,General Fitness,Active,51.9
46,Male,195,96.5,100.6,General Fitness,Active,17.0
36,Female,178,60.4,47.6,General Fitness,Moderate,52.3
24,Female,147,57.5,39.3,Weight Loss,Active,41.5
45,Female,163,74.3,81.7,General Fitness,Very Active,31.8
19,Male,187,113.5,102.2,General Fitness,Active,32.0
68,Male,193,75.8,55.5,Weight Loss,Moderate,66.8
21,Female,171,53.8,43.7,General Fitness,Active,32.2
41,Female,175,61.1,44.2,Weight Loss,Very Active,48.0
59,Male,155,80.0,86.1,Muscle Gain,Moderate,75.1
38,Male,160,118.8,110.4,General Fitness,Sedentary,30.3
33,Female,154,93.7,106.2,General Fitness,Moderate,40.7
22,Male,183,95.6,67.1,Weight Loss,Very Active,56.5
29,Male,185,99.2,80.7,Weight Loss,Moderate,59.3
35,Male,172,111.7,122.7,General Fitness,Very Active,38.7
66,Male,184,119.0,128.1,General Fitness,Active,45.4
41,Male,186,75.4,71.6,General Fitness,Very Active,15.1
67,Female,180,56.6,46.5,Weight Loss,Very Active,28.9
55,Male,176,103.0,85.2,Weight Loss,Sedentary,57.8
69,Male,161,88.2,81.6,Weight Loss,Very Active,19.4
15,Male,180,80.2,68.6,General Fitness,Very Active,35.8
52,Male,163,69.3,45.3,Weight Loss,Very Active,53.3
53,Female,174,95.7,100.1,General Fitness,Active,16.5
35,Male,184,88.2,98.2,Muscle Gain,Very Active,89.9
37,Male,183,55.9,39.8,Weight Loss,Active,33.6
64,Male,165,109.6,99.4,General Fitness,Sedentary,38.2
60,Male,172,72.1,66.7,General Fitness,Active,26.6
19,Male,174,112.7,84.0,Weight Loss,Active,57.6
56,Male,175,110.3,101.9,Weight Loss,Moderate,29.2
55,Female,170,90.1,66.1,Weight Loss,Active,67.6
52,Male,195,83.5,96.7,General Fitness,Sedentary,54.1
55,Male,174,107.3,87.4,Weight Loss,Moderate,67.4
67,Female,172,84.9,70.4,Weight Loss,Moderate,59.5
42,Female,158,96.6,77.0,Weight Loss,Sedentary,70.1
47,Female,158,92.8,80.2,Weight Loss,Very Active,28.2
29,Male,161,88.1,73.6,General Fitness,Very Active,48.8
36,Male,190,78.9,56.9,Weight Loss,Sedentary,60.7
67,Female,159,57.5,62.7,General Fitness,Moderate,24.1
55,Female,161,74.6,55.9,Weight Loss,Active,48.0
28,Female,164,61.0,47.6,Weight Loss,Very Active,35.4
39,Female,156,85.0,90.8,General Fitness,Active,23.5
55,Female,176,59.7,45.7,General Fitness,Sedentary,58.9
15,Female,166,45.7,38.3,Weight Loss,Very Active,16.2
40,Male,191,90.9,70.5,Weight Loss,Sedentary,68.4
65,Female,164,91.1,70.1,Weight Loss,Moderate,72.8
60,Female,161,90.0,93.8,General Fitness,Sedentary,15.2
33,Male,195,119.8,105.2,General Fitness,Very Active,55.4
22,Female,180,94.0,100.8,General Fitness,Moderate,19.3
41,Female,171,69.0,63.9,Weight Loss,Very Active,11.8
23,Male,169,72.5,53.6,Weight Loss,Moderate,50.8
61,Male,183,118.2,100.2,Weight Loss,Moderate,73.8
34,Female,170,94.9,80.2,Weight Loss,Very Active,41.0
67,Female,148,51.1,37.7,Weight Loss,Very Active,38.1
28,Female,149,76.2,52.1,Weight Loss,Very Active,56.4
54,Female,166,64.6,53.0,General Fitness,Very Active,49.8
39,Female,161,89.7,84.5,General Fitness,Very Active,19.6
15,Male,166,103.3,91.3,Weight Loss,Active,24.1
68,Male,172,105.7,119.7,General Fitness,Moderate,64.9
26,Female,179,95.1,102.0,Muscle Gain,Moderate,50.8
63,Male,170,117.2,121.3,Muscle Gain,Very Active,51.7
20,Male,162,71.9,47.8,Weight Loss,Active,50.0
52,Female,165,56.8,53.9,General Fitness,Very Active,13.7
33,Female,160,69.2,48.6,Weight Loss,Active,45.6
18,Female,178,89.2,72.6,Weight Loss,Moderate,41.7
30,Male,160,75.3,56.6,Weight Loss,Very Active,49.6
31,Female,159,68.8,51.4,Weight Loss,Sedentary,46.8
66,Male,155,86.6,95.3,General Fitness,Sedentary,36.8
55,Male,188,75.8,64.7,Weight Loss,Very Active,29.9
41,Female,180,80.8,83.8,Muscle Gain,Sedentary,33.1
30,Female,149,65.5,60.8,General Fitness,Moderate,16.6
18,Male,166,67.7,73.8,Muscle Gain,Sedentary,47.3
62,Male,161,61.2,36.9,Weight Loss,Active,65.9
45,Male,157,61.7,66.0,Muscle Gain,Very Active,45.4
16,Female,151,99.1,92.5,General Fitness,Moderate,21.1
23,Male,163,110.4,105.5,General Fitness,Moderate,16.6
69,Male,159,62.4,53.8,Weight Loss,Sedentary,27.4
51,Female,151,55.6,35.3,Weight Loss,Moderate,73.2
58,Female,163,63.3,70.0,Muscle Gain,Very Active,79.2
34,Male,174,94.6,87.6,General Fitness,Very Active,27.8
63,Female,174,80.0,64.2,Weight Loss,Very Active,49.3
26,Male,194,85.7,92.6,Muscle Gain,Active,66.1
59,Female,156,99.9,70.4,Weight Loss,Active,91.4
65,Female,160,93.0,76.2,Weight Loss,Active,48.4
69,Male,192,100.4,93.1,Weight Loss,Very Active,23.3
42,Female,165,81.7,90.4,Muscle Gain,Very Active,94.8
62,Female,160,53.5,45.0,Weight Loss,Active,21.8
34,Female,151,63.6,68.0,Muscle Gain,Moderate,38.8
27,Female,180,96.2,90.7,General Fitness,Very Active,19.1
41,Male,161,78.0,73.9,General Fitness,Sedentary,14.7
59,Male,184,60.7,67.9,Muscle Gain,Moderate,84.9
49,Male,194,82.5,66.5,Weight Loss,Active,47.3
39,Male,172,92.3,89.7,General Fitness,Moderate,10.2
40,Female,161,72.8,51.8,Weight Loss,Moderate,62.5
59,Male,179,101.7,83.4,Weight Loss,Very Active,49.3
43,Male,156,81.8,68.4,General Fitness,Very Active,46.0
65,Male,191,56.8,43.0,Weight Loss,Active,38.3
61,Male,192,57.2,45.6,General Fitness,Active,38.1
32,Male,168,86.0,65.0,Weight Loss,Active,56.8
58,Female,162,74.3,71.9,General Fitness,Moderate,11.0
19,Female,172,72.1,63.3,Weight Loss,Sedentary,22.3
21,Male,180,55.7,63.5,Muscle Gain,Sedentary,69.3
69,Male,174,97.7,69.8,Weight Loss,Sedentary,94.0
69,Male,181,115.2,101.3,Weight Loss,Very Active,47.0
54,Male,193,57.6,52.5,General Fitness,Sedentary,24.1
34,Male,190,72.0,77.7,Muscle Gain,Active,56.7
27,Male,159,82.7,60.9,Weight Loss,Active,52.7
28,Male,189,79.8,84.2,Muscle Gain,Sedentary,41.9
69,Male,156,119.8,125.0,General Fitness,Active,20.9
33,Male,160,62.8,37.1,Weight Loss,Sedentary,72.7
35,Female,153,95.0,80.9,General Fitness,Active,51.3
30,Female,180,88.4,83.2,Weight Loss,Sedentary,14.6
56,Female,154,51.5,40.8,Weight Loss,Moderate,36.5
20,Male,176,69.2,64.8,Weight Loss,Moderate,11.7
39,Female,149,67.4,71.9,General Fitness,Moderate,15.3
26,Female,176,85.7,58.6,Weight Loss,Active,56.6
33,Male,186,101.8,97.0,Weight Loss,Active,10.1
48,Female,178,95.3,101.3,General Fitness,Active,25.5
18,Female,146,65.3,74.6,General Fitness,Moderate,24.3
43,Female,150,70.1,56.6,Weight Loss,Moderate,47.2
40,Male,178,56.7,50.3,General Fitness,Active,23.3
20,Female,163,92.2,71.5,Weight Loss,Sedentary,43.3
15,Female,169,73.0,44.2,Weight Loss,Moderate,70.8
17,Female,177,69.5,44.7,Weight Loss,Active,50.8
41,Male,189,94.0,72.8,Weight Loss,Very Active,48.4
49,Male,164,55.5,65.4,Muscle Gain,Moderate,103.7
22,Male,177,111.6,101.4,General Fitness,Sedentary,37.2
26,Male,166,91.1,80.4,Weight Loss,Moderate,31.2
29,Female,168,93.9,98.6,Muscle Gain,Sedentary,38.8
57,Male,156,108.7,80.2,Weight Loss,Active,76.7
64,Female,173,96.0,88.6,Weight Loss,Active,21.0
33,Male,162,96.6,68.3,Weight Loss,Very Active,68.9
53,Female,174,73.8,77.3,Muscle Gain,Sedentary,37.6
34,Male,161,95.4,67.8,Weight Loss,Sedentary,84.7
19,Female,166,92.9,86.5,Weight Loss,Active,15.5
33,Male,185,91.1,103.3,General Fitness,Active,46.1
26,Male,160,96.7,86.3,General Fitness,Sedentary,34.8
44,Male,190,93.0,90.4,General Fitness,Moderate,9.7
31,Male,170,108.4,94.5,Weight Loss,Very Active,35.1
59,Female,146,75.0,70.1,General Fitness,Active,20.9
51,Female,148,82.9,76.9,General Fitness,Very Active,24.3
19,Female,148,66.4,52.0,Weight Loss,Very Active,28.9
63,Male,172,79.1,52.0,Weight Loss,Very Active,69.2
34,Female,180,48.2,42.2,General Fitness,Sedentary,21.3
61,Female,170,78.9,71.6,Weight Loss,Very Active,21.5
49,Male,173,98.9,106.0,Muscle Gain,Sedentary,85.2
60,Female,153,61.9,39.5,Weight Loss,Very Active,71.7
53,Female,151,63.0,50.9,Weight Loss,Very Active,28.0
32,Female,155,65.3,60.6,Weight Loss,Moderate,14.2
54,Male,176,98.9,88.0,Weight Loss,Moderate,34.6
35,Male,195,90.0,65.1,Weight Loss,Sedentary,76.5
32,Female,146,95.1,88.3,Weight Loss,Sedentary,21.8
59,Female,150,69.3,74.0,Muscle Gain,Moderate,45.1
68,Female,153,46.5,41.2,Weight Loss,Moderate,20.4
22,Female,167,82.6,91.9,General Fitness,Moderate,24.2
45,Female,145,66.8,81.6,General Fitness,Moderate,52.8
68,Male,169,93.1,76.6,Weight Loss,Sedentary,68.9
15,Female,156,53.3,46.4,General Fitness,Active,20.2
56,Male,170,68.8,78.5,General Fitness,Moderate,36.6
15,Female,148,80.5,72.5,Weight Loss,Sedentary,19.9
19,Female,177,85.7,91.7,General Fitness,Very Active,16.2
52,Male,194,107.8,104.8,General Fitness,Very Active,11.1
23,Female,159,49.6,59.1,Muscle Gain,Moderate,96.0
15,Female,152,78.8,50.3,Weight Loss,Very Active,57.2
20,Female,173,98.6,84.0,Weight Loss,Sedentary,34.7
36,Female,148,64.0,74.2,General Fitness,Very Active,43.2
65,Male,191,65.4,60.1,Weight Loss,Sedentary,21.7
19,Male,162,80.4,60.5,Weight Loss,Moderate,48.7
55,Female,175,79.8,71.3,Weight Loss,Very Active,23.1
27,Male,186,63.0,50.4,Weight Loss,Moderate,34.8
39,Male,195,88.6,77.9,Weight Loss,Moderate,33.6
17,Female,146,96.6,87.0,Weight Loss,Sedentary,26.4
70,Female,160,83.7,78.7,Weight Loss,Moderate,17.1
36,Female,158,95.6,101.0,Muscle Gain,Sedentary,56.8
57,Male,156,107.9,83.2,Weight Loss,Active,76.3
40,Male,173,67.0,59.8,General Fitness,Very Active,24.5
46,Female,156,99.6,88.1,Weight Loss,Moderate,36.8
46,Female,168,82.0,70.5,Weight Loss,Moderate,35.4
41,Female,161,74.1,82.3,General Fitness,Very Active,27.0
67,Male,191,73.7,60.8,Weight Loss,Active,39.0
41,Male,195,64.0,60.8,Weight Loss,Active,9.5
51,Female,171,63.0,71.5,General Fitness,Moderate,29.2
70,Male,181,104.8,81.5,Weight Loss,Sedentary,86.9
26,Female,159,85.7,96.5,General Fitness,Very Active,38.1
15,Female,156,53.1,59.4,Muscle Gain,Active,52.6
22,Female,178,61.0,40.3,Weight Loss,Active,45.3
29,Female,178,52.4,41.5,Weight Loss,Moderate,29.1
43,Male,164,100.1,72.1,Weight Loss,Moderate,72.7
27,Female,171,79.7,58.6,Weight Loss,Very Active,50.8
22,Female,149,99.4,72.6,Weight Loss,Sedentary,72.2
61,Male,188,74.0,46.2,Weight Loss,Sedentary,100.3
46,Male,195,60.6,56.7,General Fitness,Very Active,16.3
53,Female,163,94.0,80.7,General Fitness,Active,53.0
41,Male,172,91.9,79.2,General Fitness,Active,52.8
54,Male,178,104.6,99.1,Weight Loss,Active,15.3
28,Male,188,102.7,93.6,General Fitness,Sedentary,31.8
18,Female,163,48.4,55.5,Muscle Gain,Sedentary,57.3
47,Female,166,49.2,55.8,Muscle Gain,Very Active,67.5
32,Female,177,80.5,64.6,Weight Loss,Sedentary,43.2
48,Male,175,79.8,64.7,Weight Loss,Very Active,46.0
22,Female,150,76.3,87.3,Muscle Gain,Very Active,99.0
52,Female,178,56.1,62.5,Muscle Gain,Active,64.0
70,Female,147,84.6,58.2,Weight Loss,Very Active,74.6
38,Female,157,59.1,49.1,General Fitness,Moderate,34.1
43,Female,154,75.0,82.2,Muscle Gain,Active,83.0
33,Male,165,80.2,59.4,Weight Loss,Moderate,58.9
50,Female,176,78.3,84.8,Muscle Gain,Very Active,75.0
65,Male,187,77.2,69.9,Weight Loss,Moderate,31.4
63,Female,169,68.6,50.5,Weight Loss,Very Active,45.8
23,Male,188,79.1,68.0,Weight Loss,Active,26.2
66,Male,189,85.4,77.3,Weight Loss,Sedentary,27.3
23,Male,155,96.5,84.8,General Fitness,Very Active,41.5
23,Male,175,63.3,40.5,Weight Loss,Active,48.5
67,Male,164,101.6,91.1,Weight Loss,Sedentary,36.0
69,Female,173,99.2,101.5,General Fitness,Very Active,12.1
21,Male,179,78.7,88.2,General Fitness,Very Active,30.7
27,Female,163,87.8,89.0,General Fitness,Moderate,3.8
23,Male,179,99.3,86.5,Weight Loss,Active,26.0
59,Female,156,52.0,49.8,General Fitness,Moderate,10.1
44,Female,146,64.9,54.2,Weight Loss,Sedentary,30.2
17,Male,161,57.9,44.2,Weight Loss,Active,28.3
16,Male,187,57.1,66.9,Muscle Gain,Sedentary,84.1
69,Male,184,114.1,104.7,General Fitness,Active,41.8
47,Male,187,101.4,110.5,Muscle Gain,Active,101.2
21,Male,173,92.1,84.5,General Fitness,Moderate,25.9
66,Female,154,46.3,52.8,Muscle Gain,Moderate,72.9
67,Female,171,68.3,65.3,General Fitness,Moderate,13.1
57,Male,158,60.6,39.6,Weight Loss,Very Active,51.7
20,Female,146,75.8,63.7,Weight Loss,Active,26.3
22,Male,180,117.0,108.5,Weight Loss,Very Active,15.4
30,Male,175,113.4,100.6,General Fitness,Moderate,44.5
66,Female,145,49.9,48.1,General Fitness,Moderate,9.2
19,Male,190,83.8,81.2,General Fitness,Moderate,7.6
26,Female,178,80.4,94.7,General Fitness,Sedentary,44.8
49,Female,156,79.4,75.0,Weight Loss,Active,12.2
60,Male,169,96.2,81.9,Weight Loss,Active,35.3
40,Male,165,89.7,69.3,Weight Loss,Very Active,47.7
58,Male,195,82.9,78.1,Weight Loss,Moderate,17.5
17,Male,177,99.3,70.7,Weight Loss,Sedentary,72.2
46,Male,167,94.3,74.6,Weight Loss,Very Active,53.6
50,Female,152,86.1,79.3,Weight Loss,Sedentary,23.2
45,Female,171,85.3,79.3,General Fitness,Moderate,23.7
42,Male,185,99.9,104.6,Muscle Gain,Very Active,47.6
61,Female,170,93.4,69.3,Weight Loss,Sedentary,88.5
26,Male,192,65.3,75.5,Muscle Gain,Very Active,90.5
52,Male,192,70.7,79.1,Muscle Gain,Active,93.4
36,Male,194,86.0,70.4,Weight Loss,Active,34.9
35,Female,146,95.8,109.7,General Fitness,Sedentary,51.1
67,Male,163,93.4,107.7,General Fitness,Sedentary,67.7
17,Female,148,93.0,86.9,General Fitness,Very Active,19.7
31,Male,172,93.6,103.5,General Fitness,Moderate,36.1
21,Male,164,77.1,73.7,Weight Loss,Sedentary,8.5
46,Female,162,54.4,42.8,General Fitness,Sedentary,45.7
24,Female,156,53.9,66.8,General Fitness,Active,43.9
39,Male,165,112.6,109.2,Weight Loss,Sedentary,10.4
16,Female,153,89.7,101.7,General Fitness,Moderate,30.9
59,Female,173,65.0,49.3,Weight Loss,Active,44.5
46,Female,150,89.4,65.8,Weight Loss,Active,71.4
56,Female,164,58.9,45.8,Weight Loss,Active,33.9
56,Male,190,116.4,126.2,General Fitness,Active,44.7
40,Female,164,73.5,64.0,Weight Loss,Very Active,21.1
45,Male,178,89.1,90.2,General Fitness,Very Active,4.5
64,Male,194,91.5,70.8,Weight Loss,Very Active,62.6
63,Male,174,75.7,79.7,Muscle Gain,Sedentary,49.1
49,Male,172,81.1,77.8,General Fitness,Moderate,14.2
59,Male,184,84.0,97.8,General Fitness,Sedentary,53.2
32,Male,195,106.3,100.5,General Fitness,Active,21.8
19,Male,181,64.0,72.8,General Fitness,Sedentary,27.8
57,Female,156,97.8,102.4,Muscle Gain,Sedentary,53.3
54,Male,176,67.2,42.7,Weight Loss,Very Active,72.7
30,Male,177,92.4,82.0,Weight Loss,Moderate,29.5
26,Male,184,108.1,113.6,Muscle Gain,Active,46.3
26,Female,167,51.1,52.8,General Fitness,Very Active,5.5
50,Female,167,64.2,52.0,Weight Loss,Moderate,40.8
26,Female,179,91.5,77.3,Weight Loss,Very Active,37.8
31,Male,179,61.2,35.4,Weight Loss,Very Active,60.7
68,Male,185,79.3,72.4,General Fitness,Active,34.1
26,Female,172,46.6,54.0,Muscle Gain,Sedentary,67.5
40,Male,165,55.9,46.2,General Fitness,Very Active,37.8
20,Female,172,58.2,46.1,General Fitness,Moderate,41.3
62,Female,176,96.8,85.4,Weight Loss,Very Active,35.7
61,Male,194,108.4,99.8,General Fitness,Active,40.0
53,Male,170,81.0,68.1,Weight Loss,Active,35.7
65,Male,170,62.0,66.6,General Fitness,Moderate,21.8
33,Male,192,56.6,61.6,General Fitness,Active,19.2
56,Male,174,71.2,44.4,Weight Loss,Moderate,102.7
17,Female,155,81.5,62.7,Weight Loss,Sedentary,44.8
35,Female,146,67.4,46.0,Weight Loss,Sedentary,59.3
53,Male,163,80.3,92.3,General Fitness,Very Active,48.4
62,Male,158,102.5,94.7,General Fitness,Sedentary,32.3
40,Male,191,113.5,89.3,Weight Loss,Moderate,82.6
42,Female,175,51.3,47.6,Weight Loss,Very Active,9.6
46,Male,155,83.7,78.6,General Fitness,Very Active,19.9
31,Female,162,62.5,59.2,Weight Loss,Sedentary,8.4
64,Male,179,103.3,86.2,Weight Loss,Moderate,55.2
28,Female,164,80.1,66.8,General Fitness,Sedentary,46.4
43,Female,170,47.6,37.5,General Fitness,Very Active,31.9
32,Female,171,82.7,67.3,Weight Loss,Moderate,48.3
30,Male,190,98.2,83.1,Weight Loss,Sedentary,54.4
21,Male,170,70.9,57.8,Weight Loss,Active,33.0
25,Male,164,55.2,50.9,General Fitness,Active,14.1
17,Female,180,85.7,64.2,Weight Loss,Moderate,54.9
48,Male,162,102.0,92.1,General Fitness,Very Active,42.2
49,Female,150,80.7,58.8,Weight Loss,Moderate,81.6
53,Male,155,85.3,93.4,General Fitness,Very Active,28.7
26,Female,147,47.4,56.4,Muscle Gain,Very Active,71.3
30,Female,162,75.8,49.3,Weight Loss,Very Active,63.5
21,Male,166,69.1,70.2,General Fitness,Active,3.7
54,Male,171,106.9,95.7,Weight Loss,Sedentary,41.2
53,Female,175,52.8,62.5,Muscle Gain,Very Active,98.4
30,Female,167,67.0,60.4,Weight Loss,Very Active,14.1
49,Female,159,96.7,106.0,Muscle Gain,Very Active,85.2
21,Female,157,74.9,48.9,Weight Loss,Very Active,56.0
67,Female,147,54.1,57.1,General Fitness,Active,14.2
34,Female,170,93.7,86.0,Weight Loss,Active,18.0
15,Female,163,97.3,91.3,Weight Loss,Moderate,14.6
47,Female,159,51.2,37.5,Weight Loss,Active,34.4
31,Female,175,46.5,36.7,Weight Loss,Very Active,20.2
15,Male,156,73.1,79.8,Muscle Gain,Moderate,58.9
64,Male,193,62.4,72.4,General Fitness,Moderate,44.3
53,Male,169,73.2,76.9,Muscle Gain,Active,38.2
62,Female,154,76.8,71.6,Weight Loss,Very Active,14.6
47,Female,155,60.4,54.0,Weight Loss,Moderate,17.1
49,Male,162,84.0,65.2,Weight Loss,Sedentary,62.5
69,Female,175,63.4,70.7,General Fitness,Sedentary,36.7
22,Male,162,73.1,47.1,Weight Loss,Very Active,53.2
19,Male,186,68.7,44.1,Weight Loss,Very Active,56.7
21,Female,171,56.0,60.6,Muscle Gain,Moderate,39.4
48,Male,192,97.1,70.1,Weight Loss,Moderate,88.6
59,Male,158,62.4,68.9,Muscle Gain,Moderate,88.2
29,Male,167,82.4,76.1,Weight Loss,Very Active,14.3
54,Male,188,76.4,57.8,Weight Loss,Very Active,51.7
47,Female,159,63.8,74.0,Muscle Gain,Active,102.8
24,Male,185,110.3,95.3,General Fitness,Sedentary,52.9
64,Male,176,61.9,37.1,Weight Loss,Active,72.9
35,Male,190,112.2,114.1,General Fitness,Moderate,6.8
21,Female,156,83.9,93.8,Muscle Gain,Moderate,81.0
29,Male,191,93.9,81.2,Weight Loss,Very Active,31.8
35,Male,169,61.1,47.6,Weight Loss,Active,33.8
15,Male,185,93.9,102.2,General Fitness,Moderate,24.3
59,Male,174,78.6,90.6,General Fitness,Very Active,55.0
61,Male,157,91.6,80.1,General Fitness,Active,47.4
47,Male,159,59.3,65.8,Muscle Gain,Very Active,65.8
43,Female,146,71.3,64.6,Weight Loss,Very Active,14.5
60,Female,163,98.6,87.7,General Fitness,Moderate,48.3
56,Female,155,85.4,56.9,Weight Loss,Moderate,83.5
66,Male,158,81.8,68.0,General Fitness,Moderate,55.1
34,Male,155,61.1,73.4,Muscle Gain,Active,100.8
43,Female,171,64.3,37.1,Weight Loss,Active,67.6
57,Male,159,118.7,104.5,Weight Loss,Very Active,38.2
21,Female,164,72.2,64.0,Weight Loss,Active,16.0
17,Male,175,75.2,55.0,Weight Loss,Very Active,37.7
16,Female,157,62.5,50.9,Weight Loss,Sedentary,28.3
17,Female,156,58.3,45.0,Weight Loss,Moderate,35.1
20,Male,191,71.3,45.8,Weight Loss,Very Active,54.6
68,Male,194,106.5,118.5,General Fitness,Sedentary,59.4
28,Male,185,79.1,50.7,Weight Loss,Active,65.3
33,Female,160,85.0,91.0,Muscle Gain,Moderate,58.6
36,Male,156,84.2,80.3,General Fitness,Active,13.8
53,Female,162,93.4,65.5,Weight Loss,Active,74.1
66,Male,193,111.8,97.4,Weight Loss,Very Active,42.8
53,Female,151,91.2,75.5,Weight Loss,Active,38.9
44,Female,152,89.1,72.0,Weight Loss,Active,39.8
32,Male,163,90.8,62.2,Weight Loss,Active,59.1
52,Female,179,78.6,86.0,Muscle Gain,Very Active,74.5
20,Female,161,79.2,65.5,General Fitness,Sedentary,40.7
65,Male,183,61.7,48.1,Weight Loss,Active,41.1
39,Female,176,81.4,71.4,Weight Loss,Sedentary,25.8
59,Male,168,118.0,105.1,Weight Loss,Active,38.0
16,Female,162,62.8,76.5,General Fitness,Active,45.1
46,Female,166,62.1,67.4,Muscle Gain,Moderate,52.2
19,Female,175,90.7,73.2,Weight Loss,Very Active,37.9
49,Female,165,92.9,62.9,Weight Loss,Moderate,99.1
63,Female,169,93.1,87.9,General Fitness,Moderate,20.3
51,Female,160,86.7,72.7,Weight Loss,Active,31.9
27,Male,175,88.3,84.2,General Fitness,Very Active,13.5
43,Male,190,92.6,73.4,Weight Loss,Moderate,59.8
15,Male,173,96.8,104.9,General Fitness,Moderate,24.0
44,Male,177,89.1,77.5,General Fitness,Very Active,40.3
41,Male,164,58.4,64.7,Muscle Gain,Active,63.1
34,Female,163,56.6,37.5,Weight Loss,Active,46.0
62,Female,160,57.8,49.3,General Fitness,Very Active,36.6
43,Male,181,60.8,38.5,Weight Loss,Active,56.9
68,Male,162,112.6,120.7,Muscle Gain,Moderate,94.4
43,Female,179,62.2,58.1,Weight Loss,Very Active,9.3
56,Female,160,96.8,109.6,General Fitness,Active,58.3
69,Male,167,84.0,91.4,General Fitness,Active,34.6
39,Male,184,82.3,66.5,Weight Loss,Very Active,38.0
16,Male,185,82.4,91.4,Muscle Gain,Moderate,73.3
37,Female,157,61.4,63.5,General Fitness,Very Active,8.3
18,Male,194,93.2,81.2,General Fitness,Moderate,33.5
65,Female,171,65.5,59.5,General Fitness,Sedentary,24.4
61,Male,171,77.3,85.7,General Fitness,Active,34.9
44,Male,156,110.6,92.2,Weight Loss,Active,43.0
62,Male,170,108.0,89.2,Weight Loss,Sedentary,65.3
50,Female,151,82.6,71.0,Weight Loss,Sedentary,36.1
65,Male,172,81.1,83.2,General Fitness,Very Active,10.0
32,Female,174,85.3,92.1,General Fitness,Sedentary,27.0
62,Male,178,101.3,107.5,General Fitness,Sedentary,28.6
32,Female,155,83.6,61.9,Weight Loss,Sedentary,68.5
51,Male,166,87.3,73.6,General Fitness,Moderate,53.1
31,Male,184,102.7,94.7,General Fitness,Sedentary,26.8
70,Female,164,90.5,93.5,Muscle Gain,Active,38.9
56,Male,169,109.5,124.4,General Fitness,Very Active,68.4
45,Female,164,50.3,54.8,Muscle Gain,Very Active,43.6
47,Male,167,55.6,64.6,Muscle Gain,Sedentary,94.2
41,Female,165,74.4,69.3,Weight Loss,Active,12.5
55,Male,165,100.1,107.9,General Fitness,Active,28.6
66,Female,178,61.7,48.3,General Fitness,Sedentary,62.1
36,Male,178,107.5,94.7,General Fitness,Very Active,43.7
63,Female,156,56.8,63.3,Muscle Gain,Active,76.5
34,Male,189,104.5,95.5,General Fitness,Moderate,31.0
67,Male,171,111.3,103.2,Weight Loss,Sedentary,27.9
34,Male,165,61.7,71.2,General Fitness,Moderate,33.9
63,Female,148,91.2,79.9,General Fitness,Moderate,48.3
24,Male,185,113.8,102.8,Weight Loss,Active,23.3
20,Male,167,71.2,79.8,Muscle Gain,Very Active,71.3
66,Male,174,74.3,59.2,Weight Loss,Sedentary,62.4
18,Male,194,120.0,131.4,General Fitness,Sedentary,36.3
35,Female,174,67.4,80.2,General Fitness,Active,49.8
35,Male,174,62.8,54.0,General Fitness,Active,28.2
54,Male,193,72.3,65.2,Weight Loss,Very Active,19.5
23,Male,162,81.3,78.3,General Fitness,Active,8.7
55,Male,186,78.1,68.2,General Fitness,Sedentary,38.5
24,Female,146,74.1,83.9,General Fitness,Very Active,35.5
15,Male,177,92.0,94.9,General Fitness,Sedentary,9.6
50,Female,174,47.7,39.3,Weight Loss,Moderate,28.3
56,Male,184,114.3,104.1,Weight Loss,Sedentary,30.7
62,Female,153,59.0,62.7,General Fitness,Very Active,15.7
20,Male,173,76.8,49.5,Weight Loss,Active,59.0
17,Female,163,75.4,67.7,Weight Loss,Very Active,13.5
42,Female,170,98.0,88.0,Weight Loss,Active,26.1
36,Male,195,109.7,95.1,Weight Loss,Very Active,28.8
48,Male,187,115.2,100.2,Weight Loss,Very Active,38.6
23,Male,192,56.5,61.0,Muscle Gain,Moderate,43.3
50,Male,179,55.6,60.5,General Fitness,Moderate,20.7
61,Female,160,75.8,90.1,General Fitness,Active,64.3
31,Female,174,89.5,66.8,Weight Loss,Sedentary,61.2
43,Female,153,75.8,56.9,Weight Loss,Active,40.3
45,Male,168,96.6,109.1,General Fitness,Very Active,46.8
46,Male,155,107.5,97.6,Weight Loss,Very Active,27.5
68,Female,166,65.9,55.6,General Fitness,Very Active,51.3
70,Female,155,73.9,70.6,General Fitness,Moderate,15.8
24,Male,170,79.3,80.9,General Fitness,Moderate,5.5
58,Female,172,71.7,78.4,General Fitness,Active,29.1
32,Male,175,107.1,111.2,General Fitness,Very Active,13.8
68,Female,175,63.4,65.5,General Fitness,Active,9.3
35,Male,177,99.4,77.3,Weight Loss,Very Active,59.5
32,Male,189,101.1,86.6,General Fitness,Very Active,47.2
48,Male,179,99.5,84.7,General Fitness,Active,66.0
64,Female,172,62.1,56.1,Weight Loss,Active,15.4
30,Female,145,95.2,99.0,Muscle Gain,Very Active,37.9
18,Male,162,80.7,87.0,Muscle Gain,Moderate,51.3
51,Male,185,97.4,90.2,Weight Loss,Active,17.0
48,Female,162,86.8,62.4,Weight Loss,Moderate,80.8
45,Male,179,81.7,85.5,Muscle Gain,Moderate,43.7
20,Female,177,98.4,106.1,Muscle Gain,Sedentary,63.2
40,Female,147,78.8,64.0,Weight Loss,Moderate,45.2
55,Female,153,72.3,74.0,General Fitness,Very Active,7.0
41,Male,183,103.0,89.0,General Fitness,Active,56.6
25,Female,150,93.4,107.7,General Fitness,Sedentary,47.4
70,Male,156,98.8,106.2,General Fitness,Moderate,38.5
39,Male,166,82.1,73.2,Weight Loss,Moderate,27.7
68,Male,185,109.0,113.4,Muscle Gain,Sedentary,47.2
44,Male,185,79.4,81.4,General Fitness,Sedentary,7.5
53,Female,155,63.6,42.5,Weight Loss,Active,55.3
29,Male,182,89.9,79.7,General Fitness,Active,35.6
24,Female,145,90.7,98.2,Muscle Gain,Moderate,71.9
59,Male,170,74.4,79.3,Muscle Gain,Very Active,64.1
56,Male,171,85.1,58.9,Weight Loss,Active,76.3
30,Female,149,90.0,100.2,General Fitness,Active,35.5
38,Male,184,117.5,105.4,Weight Loss,Active,30.3
36,Female,162,80.6,57.9,Weight Loss,Moderate,74.7
24,Female,160,92.3,74.8,Weight Loss,Active,37.1
56,Female,171,67.1,72.7,Muscle Gain,Sedentary,66.0
64,Female,157,67.6,71.9,General Fitness,Sedentary,20.7
16,Female,174,50.6,36.8,Weight Loss,Active,26.8
31,Female,176,81.8,74.0,General Fitness,Sedentary,22.0
60,Female,165,76.5,46.6,Weight Loss,Active,81.4
21,Male,156,60.1,54.2,General Fitness,Very Active,19.9
62,Male,157,116.1,100.7,Weight Loss,Very Active,45.4
46,Female,179,68.8,78.2,General Fitness,Sedentary,35.8
40,Female,154,51.0,38.8,General Fitness,Sedentary,40.9
58,Female,160,64.4,70.8,Muscle Gain,Very Active,77.2
29,Female,167,90.1,66.8,Weight Loss,Moderate,69.1
27,Male,158,94.2,66.6,Weight Loss,Active,58.8
55,Female,164,98.7,89.6,Weight Loss,Very Active,23.6
35,Female,175,84.2,95.4,General Fitness,Moderate,40.0
44,Male,169,107.3,119.1,General Fitness,Sedentary,44.4
39,Female,146,73.3,87.9,General Fitness,Moderate,59.0
30,Male,185,107.6,93.4,General Fitness,Very Active,50.0
42,Male,192,61.7,49.4,General Fitness,Very Active,43.8
31,Male,195,97.7,86.0,Weight Loss,Sedentary,38.8
40,Male,175,84.3,91.8,Muscle Gain,Active,81.7
28,Female,180,90.4,70.0,Weight Loss,Sedentary,58.9
43,Male,182,88.3,100.2,General Fitness,Moderate,38.5
27,Female,160,62.8,48.2,General Fitness,Moderate,57.4
25,Male,189,68.5,55.0,Weight Loss,Very Active,32.8
64,Male,180,114.8,99.1,Weight Loss,Very Active,43.9
41,Female,175,69.0,39.8,Weight Loss,Sedentary,82.6
55,Female,171,55.2,52.9,General Fitness,Sedentary,9.6
50,Male,158,97.7,102.5,Muscle Gain,Very Active,54.3
17,Female,159,93.7,104.1,General Fitness,Moderate,32.9
65,Female,170,59.1,66.1,General Fitness,Active,32.0
40,Male,157,76.0,62.3,General Fitness,Sedentary,57.1
29,Female,164,52.2,39.8,General Fitness,Sedentary,39.1
22,Female,180,48.8,35.7,General Fitness,Sedentary,47.3
52,Male,180,85.2,88.4,Muscle Gain,Moderate,40.4
36,Female,160,48.7,39.0,Weight Loss,Sedentary,36.3
64,Female,166,97.4,90.8,General Fitness,Moderate,26.3
42,Male,191,102.8,79.4,Weight Loss,Sedentary,74.5
49,Male,169,104.1,78.8,Weight Loss,Active,69.3
15,Male,181,78.5,82.9,General Fitness,Sedentary,12.9
36,Male,171,79.5,86.2,Muscle Gain,Active,77.1
27,Male,160,92.1,79.2,Weight Loss,Moderate,33.8
29,Female,166,89.4,102.5,General Fitness,Sedentary,39.0
20,Male,186,100.5,106.8,Muscle Gain,Very Active,53.3
18,Female,164,49.1,56.4,Muscle Gain,Very Active,53.2
43,Female,169,75.7,69.6,Weight Loss,Moderate,20.3
44,Female,172,92.2,95.4,Muscle Gain,Very Active,28.2
35,Female,174,82.2,61.2,Weight Loss,Active,50.0
63,Male,170,57.9,48.8,Weight Loss,Very Active,21.8
62,Female,173,63.3,74.9,General Fitness,Very Active,48.8
59,Male,183,102.1,98.1,General Fitness,Active,17.4
16,Male,176,109.9,115.7,Muscle Gain,Very Active,45.9
67,Male,192,101.7,109.8,Muscle Gain,Active,99.0
24,Female,177,76.1,86.9,Muscle Gain,Very Active,87.5
53,Male,187,71.8,50.3,Weight Loss,Sedentary,56.7
15,Female,172,65.8,56.5,General Fitness,Very Active,27.1
48,Female,153,96.2,72.1,Weight Loss,Moderate,75.4
43,Female,174,69.1,56.0,Weight Loss,Very Active,34.6
51,Male,191,113.1,119.8,General Fitness,Moderate,27.0
18,Female,173,86.8,57.1,Weight Loss,Sedentary,71.0
26,Male,166,97.9,94.0,Weight Loss,Very Active,8.8
28,Male,194,93.3,84.1,Weight Loss,Moderate,24.7
60,Female,159,82.4,83.4,General Fitness,Active,4.5
43,Male,189,112.2,100.5,Weight Loss,Active,28.2
20,Male,163,87.9,83.5,General Fitness,Active,14.0
64,Female,166,58.5,55.9,General Fitness,Very Active,10.1
37,Female,164,94.7,77.4,Weight Loss,Active,35.5
43,Male,181,104.4,112.5,Muscle Gain,Moderate,90.3
49,Female,170,46.5,43.0,General Fitness,Very Active,13.6
30,Male,159,114.6,110.7,Weight Loss,Sedentary,10.5
50,Male,180,117.7,103.8,General Fitness,Active,54.4
25,Female,178,72.3,59.7,General Fitness,Very Active,47.4
51,Female,168,88.8,81.1,Weight Loss,Active,21.8
34,Male,174,62.5,65.6,Muscle Gain,Very Active,32.6
45,Male,155,56.3,51.2,Weight Loss,Sedentary,14.4
34,Male,176,99.5,92.4,Weight Loss,Very Active,15.2
32,Female,149,66.9,78.9,Muscle Gain,Active,89.8
18,Male,172,81.4,84.2,General Fitness,Sedentary,8.2
64,Female,151,64.6,71.3,General Fitness,Sedentary,31.5
47,Male,186,64.2,54.8,Weight Loss,Active,24.3
29,Female,153,67.1,71.4,Muscle Gain,Moderate,41.3
54,Female,174,45.4,39.3,General Fitness,Sedentary,26.6
57,Female,153,46.5,51.7,Muscle Gain,Very Active,52.1
17,Male,162,110.1,113.3,General Fitness,Moderate,10.2
60,Male,164,118.0,102.9,Weight Loss,Moderate,57.1
53,Female,155,98.5,71.1,Weight Loss,Active,90.4
67,Male,170,92.9,98.6,Muscle Gain,Very Active,72.0
48,Male,189,70.5,74.7,Muscle Gain,Sedentary,42.9
61,Female,173,58.0,71.9,General Fitness,Very Active,60.5
70,Male,174,95.5,103.0,General Fitness,Active,34.5
38,Male,185,62.2,75.9,General Fitness,Very Active,46.3
68,Male,165,94.9,85.9,General Fitness,Sedentary,41.0
56,Female,163,51.9,59.5,General Fitness,Sedentary,35.3
61,Male,158,91.9,90.8,General Fitness,Sedentary,4.9
45,Female,159,71.3,68.5,General Fitness,Active,11.7
23,Female,168,59.4,65.0,Muscle Gain,Moderate,49.6
65,Male,193,70.0,50.9,Weight Loss,Very Active,58.8
68,Male,195,118.3,132.1,General Fitness,Active,63.2
21,Male,162,103.9,110.0,Muscle Gain,Moderate,50.0
15,Female,149,73.7,70.9,General Fitness,Sedentary,7.9
54,Male,181,99.5,113.3,General Fitness,Active,57.5
30,Female,146,88.4,80.9,Weight Loss,Active,17.6
44,Male,170,81.2,80.1,General Fitness,Active,3.8
51,Male,157,100.7,110.6,General Fitness,Sedentary,43.2
19,Female,164,61.6,72.3,Muscle Gain,Very Active,97.6
35,Female,161,81.2,76.8,Weight Loss,Active,9.9
22,Female,170,79.1,59.9,Weight Loss,Moderate,45.2
43,Male,178,107.7,103.0,General Fitness,Very Active,17.7
58,Male,191,81.0,84.3,Muscle Gain,Moderate,36.9
65,Female,167,54.6,38.9,Weight Loss,Moderate,57.5
16,Male,185,70.1,57.9,Weight Loss,Moderate,26.1
29,Male,182,75.2,49.4,Weight Loss,Moderate,70.9
25,Male,158,70.7,76.6,General Fitness,Very Active,20.7
23,Male,170,108.4,117.0,Muscle Gain,Sedentary,73.2
55,Male,158,72.8,75.9,General Fitness,Active,10.9
19,Female,150,77.7,83.4,Muscle Gain,Active,55.0
35,Female,159,73.1,48.2,Weight Loss,Moderate,72.6
52,Female,150,91.4,103.9,General Fitness,Sedentary,54.2
61,Male,174,94.7,102.0,Muscle Gain,Moderate,86.7
22,Male,176,100.0,113.0,General Fitness,Very Active,46.1
40,Female,172,88.9,94.9,Muscle Gain,Sedentary,59.7
30,Male,156,109.6,119.9,Muscle Gain,Very Active,89.6
23,Female,145,93.1,90.1,Weight Loss,Active,6.4
17,Female,163,53.5,42.0,Weight Loss,Active,24.1
57,Female,171,77.8,70.4,General Fitness,Active,34.0
21,Male,157,60.1,65.1,General Fitness,Sedentary,14.8
53,Male,164,86.6,69.7,Weight Loss,Moderate,59.6
17,Male,172,107.0,93.5,General Fitness,Moderate,40.1
41,Female,177,71.0,53.5,Weight Loss,Sedentary,53.7
41,Female,147,99.6,79.7,Weight Loss,Active,49.7
63,Female,180,74.5,80.2,Muscle Gain,Very Active,60.0
15,Female,175,97.2,74.9,Weight Loss,Sedentary,52.9
58,Male,173,84.1,64.0,Weight Loss,Sedentary,77.4
18,Male,180,94.2,108.5,General Fitness,Moderate,48.2
37,Male,173,94.5,98.4,General Fitness,Active,14.2
43,Female,168,48.8,57.7,General Fitness,Very Active,33.1
34,Male,177,83.0,70.5,Weight Loss,Very Active,32.7
34,Female,160,95.9,100.4,Muscle Gain,Moderate,43.5
28,Male,192,115.6,114.4,General Fitness,Very Active,4.2
42,Male,176,104.3,110.9,Muscle Gain,Active,75.0
45,Female,160,46.0,49.8,General Fitness,Very Active,13.8
21,Female,155,91.2,93.7,General Fitness,Very Active,9.1
15,Female,151,52.9,42.6,General Fitness,Moderate,27.7
47,Female,147,81.6,72.4,General Fitness,Sedentary,35.0
30,Female,178,73.1,78.4,Muscle Gain,Very Active,49.5
25,Female,164,79.0,69.9,Weight Loss,Active,17.0
48,Male,193,106.9,112.6,Muscle Gain,Sedentary,58.9
64,Female,165,79.8,75.3,Weight Loss,Very Active,12.8
17,Male,163,69.6,40.8,Weight Loss,Moderate,79.8
20,Male,178,88.7,65.8,Weight Loss,Active,49.6
64,Female,177,93.5,90.2,Weight Loss,Moderate,10.9
46,Male,188,91.0,67.2,Weight Loss,Moderate,87.4
52,Female,180,66.0,62.3,General Fitness,Sedentary,14.1
40,Female,165,90.6,65.7,Weight Loss,Very Active,69.5
31,Female,179,74.9,68.4,General Fitness,Moderate,22.7
44,Male,159,74.5,78.2,Muscle Gain,Moderate,42.4
59,Male,164,79.7,66.4,Weight Loss,Sedentary,51.3
31,Female,174,96.2,71.9,Weight Loss,Sedentary,67.9
61,Male,175,110.1,96.9,Weight Loss,Moderate,46.5
29,Female,161,49.3,43.8,Weight Loss,Sedentary,16.7
22,Male,190,96.2,101.6,General Fitness,Sedentary,17.6
25,Male,175,96.4,89.2,General Fitness,Moderate,25.2
17,Female,177,64.9,67.9,Muscle Gain,Very Active,29.1
44,Female,151,61.3,36.2,Weight Loss,Very Active,65.6
19,Female,146,55.9,60.6,General Fitness,Moderate,15.3
45,Female,153,97.1,102.7,Muscle Gain,Active,52.3
53,Female,162,88.5,95.9,General Fitness,Very Active,23.8
69,Male,183,72.3,52.6,Weight Loss,Moderate,75.5
30,Female,151,83.9,70.3,Weight Loss,Moderate,38.6
67,Female,170,98.0,93.1,Weight Loss,Moderate,17.3
25,Female,172,86.7,71.5,Weight Loss,Moderate,42.6
37,Male,186,115.2,101.5,Weight Loss,Sedentary,41.1
20,Male,156,119.8,129.2,General Fitness,Sedentary,32.8
25,Female,165,57.4,61.0,Muscle Gain,Sedentary,33.2
32,Female,173,61.0,43.9,Weight Loss,Sedentary,46.7
50,Female,169,87.6,97.5,General Fitness,Active,42.7
44,Female,145,94.4,89.9,General Fitness,Sedentary,17.0
66,Male,184,55.3,50.4,Weight Loss,Very Active,14.9
35,Female,164,77.8,53.0,Weight Loss,Very Active,56.7
32,Female,146,54.4,48.9,Weight Loss,Sedentary,16.1
38,Female,155,57.6,72.4,General Fitness,Active,53.3
38,Male,170,113.9,87.2,Weight Loss,Moderate,69.2
39,Male,195,81.3,90.2,Muscle Gain,Moderate,87.6
62,Female,175,80.6,73.2,General Fitness,Sedentary,34.0
63,Female,172,83.2,76.0,Weight Loss,Active,20.2
27,Female,180,90.2,103.0,General Fitness,Moderate,42.5
68,Female,154,92.6,102.8,General Fitness,Moderate,49.3
31,Female,150,99.5,113.9,General Fitness,Sedentary,47.4
53,Male,179,83.6,79.7,Weight Loss,Very Active,9.2
50,Male,161,86.0,92.9,Muscle Gain,Active,74.9
22,Female,152,66.4,75.2,Muscle Gain,Moderate,75.7
38,Female,161,66.6,73.2,General Fitness,Moderate,22.4
57,Male,195,97.0,84.3,Weight Loss,Active,34.6
31,Male,163,85.9,60.2,Weight Loss,Moderate,77.0
40,Male,192,117.7,111.6,General Fitness,Very Active,22.8
54,Male,166,80.3,84.2,Muscle Gain,Sedentary,45.1
65,Male,162,98.4,86.9,General Fitness,Sedentary,57.9
23,Female,150,92.0,95.0,Muscle Gain,Sedentary,27.7
48,Male,174,98.3,92.0,General Fitness,Moderate,23.9
27,Female,158,49.0,56.5,Muscle Gain,Moderate,65.1
46,Female,174,97.2,101.6,General Fitness,Sedentary,16.3
19,Female,153,52.0,56.2,Muscle Gain,Very Active,35.2
41,Male,168,103.8,86.6,Weight Loss,Sedentary,54.9
27,Male,181,72.0,65.9,Weight Loss,Moderate,16.1
42,Female,177,55.4,41.6,General Fitness,Moderate,50.5
32,Female,145,91.0,96.5,Muscle Gain,Very Active,53.0
57,Male,166,118.5,115.5,General Fitness,Moderate,13.0
26,Female,169,93.8,100.9,Muscle Gain,Sedentary,67.0
69,Female,155,96.5,101.9,General Fitness,Active,26.8
47,Female,152,93.0,79.6,General Fitness,Very Active,42.5
17,Female,172,59.2,39.9,Weight Loss,Moderate,47.7
45,Male,160,109.7,118.1,Muscle Gain,Very Active,97.2
64,Female,169,83.4,86.7,General Fitness,Sedentary,12.6
25,Female,167,76.7,66.1,General Fitness,Sedentary,26.8
44,Female,155,51.4,57.4,Muscle Gain,Moderate,66.3
26,Male,194,75.8,86.0,General Fitness,Sedentary,31.3
65,Female,157,78.1,65.4,Weight Loss,Very Active,34.0
32,Female,150,49.0,41.3,General Fitness,Very Active,25.0
70,Female,172,50.7,53.9,General Fitness,Very Active,13.8
16,Male,155,90.3,77.5,Weight Loss,Moderate,34.0
51,Male,165,95.8,66.0,Weight Loss,Moderate,76.4
29,Male,165,107.0,108.6,General Fitness,Very Active,5.1
55,Male,183,69.9,55.4,Weight Loss,Moderate,45.0
24,Female,156,45.1,50.4,Muscle Gain,Active,47.2
69,Male,156,90.8,93.7,General Fitness,Very Active,12.5
42,Female,155,72.0,61.2,General Fitness,Sedentary,43.5
25,Female,165,64.4,69.0,Muscle Gain,Sedentary,35.9
20,Male,157,88.4,68.7,Weight Loss,Active,41.8
23,Female,172,93.2,89.3,General Fitness,Moderate,13.4
15,Male,183,63.8,54.3,Weight Loss,Very Active,22.1
15,Male,167,98.5,77.1,Weight Loss,Moderate,52.1
36,Female,158,76.6,47.1,Weight Loss,Very Active,72.4
70,Male,193,62.3,69.1,General Fitness,Sedentary,26.4
68,Male,182,94.8,69.2,Weight Loss,Very Active,61.2
15,Female,160,56.3,57.3,General Fitness,Active,3.3
16,Female,169,50.5,60.1,Muscle Gain,Sedentary,81.6
58,Female,179,60.8,36.5,Weight Loss,Sedentary,92.4
21,Female,166,85.1,87.4,General Fitness,Sedentary,6.6
68,Female,155,73.4,54.6,Weight Loss,Very Active,57.9
37,Female,145,62.5,59.0,Weight Loss,Sedentary,12.1
21,Female,157,51.7,64.4,General Fitness,Very Active,42.4
44,Male,183,96.3,103.3,Muscle Gain,Moderate,75.6
59,Female,164,72.3,79.0,General Fitness,Sedentary,28.4
17,Male,161,60.7,46.9,General Fitness,Active,37.6
29,Male,160,118.9,126.6,Muscle Gain,Sedentary,69.3
31,Male,177,107.2,89.8,Weight Loss,Sedentary,52.2
22,Male,189,83.1,95.3,General Fitness,Very Active,34.7
38,Male,176,117.4,93.7,Weight Loss,Moderate,65.2
17,Female,165,85.5,91.4,General Fitness,Moderate,20.5
46,Female,150,50.9,57.1,Muscle Gain,Very Active,64.5
16,Female,164,86.7,79.2,General Fitness,Moderate,25.9
17,Female,151,93.3,83.1,General Fitness,Very Active,27.1
27,Male,179,101.1,82.0,Weight Loss,Moderate,57.2
47,Female,157,60.0,45.3,Weight Loss,Sedentary,45.3
15,Male,186,73.2,45.8,Weight Loss,Moderate,73.2
61,Male,191,94.3,84.4,General Fitness,Moderate,42.6
59,Female,170,96.4,68.8,Weight Loss,Active,67.7
62,Male,189,112.3,91.0,Weight Loss,Very Active,61.5
61,Male,190,111.0,102.8,General Fitness,Active,41.4
45,Male,170,87.3,92.3,General Fitness,Sedentary,20.1
58,Female,161,92.8,101.1,Muscle Gain,Very Active,95.7
40,Male,192,113.9,106.3,Weight Loss,Very Active,20.3
55,Female,166,60.7,51.4,Weight Loss,Very Active,25.8
52,Female,177,56.5,37.0,Weight Loss,Active,47.6
44,Female,172,65.0,78.0,General Fitness,Sedentary,50.9
36,Male,181,98.3,86.1,General Fitness,Very Active,47.9
18,Female,173,80.9,83.3,General Fitness,Moderate,8.4
58,Female,157,62.4,65.8,Muscle Gain,Sedentary,39.1
39,Male,192,65.2,71.4,Muscle Gain,Moderate,58.7
58,Female,147,85.0,75.9,Weight Loss,Active,24.7
35,Male,167,65.3,69.6,General Fitness,Very Active,16.4
24,Male,171,93.6,97.5,Muscle Gain,Very Active,34.6
32,Male,185,86.7,75.8,Weight Loss,Moderate,31.5
60,Female,167,62.3,50.0,Weight Loss,Moderate,45.0
17,Female,147,67.6,51.9,Weight Loss,Moderate,41.4
34,Male,171,115.9,91.5,Weight Loss,Very Active,48.4
22,Female,155,50.9,63.5,Muscle Gain,Very Active,102.6
45,Male,155,109.8,115.3,General Fitness,Moderate,22.8
25,Female,154,94.8,77.2,Weight Loss,Moderate,47.9
38,Male,179,74.2,81.1,General Fitness,Sedentary,24.3
31,Male,178,79.0,91.4,General Fitness,Sedentary,38.6
41,Female,158,83.8,69.2,Weight Loss,Moderate,41.4
46,Male,181,110.8,102.6,Weight Loss,Moderate,26.1
24,Male,158,91.7,78.6,Weight Loss,Moderate,35.5
40,Female,151,70.2,79.7,General Fitness,Sedentary,36.5
36,Female,151,54.5,50.0,Weight Loss,Sedentary,15.7
26,Male,159,90.8,82.6,Weight Loss,Very Active,19.9
52,Male,195,110.6,108.6,General Fitness,Moderate,8.7
22,Female,145,91.8,95.9,General Fitness,Moderate,12.5
41,Male,157,111.3,84.1,Weight Loss,Moderate,85.7
56,Male,184,83.9,73.3,Weight Loss,Moderate,35.0
33,Female,180,62.8,39.9,Weight Loss,Active,54.4
18,Female,170,55.6,48.3,Weight Loss,Moderate,21.2
41,Male,191,91.0,63.7,Weight Loss,Moderate,88.8
38,Female,177,76.9,82.2,Muscle Gain,Very Active,55.8
54,Female,177,72.5,57.2,Weight Loss,Moderate,47.5
24,Male,180,89.0,76.9,General Fitness,Active,40.4
39,Female,170,74.9,71.6,Weight Loss,Active,7.8
39,Male,174,120.0,90.8,Weight Loss,Very Active,63.6
24,Female,174,77.0,73.3,General Fitness,Sedentary,11.3
48,Female,173,45.2,56.0,General Fitness,Sedentary,38.2
46,Male,161,78.9,80.5,General Fitness,Very Active,5.4
45,Male,173,58.8,63.0,General Fitness,Sedentary,15.4
53,Female,169,69.9,73.0,General Fitness,Very Active,13.4
18,Male,161,87.3,64.4,Weight Loss,Very Active,46.8
15,Male,178,58.1,64.0,General Fitness,Moderate,17.4
60,Female,156,46.8,43.5,Weight Loss,Moderate,11.7
38,Male,194,106.4,114.0,General Fitness,Very Active,24.1
70,Female,172,62.7,75.8,General Fitness,Moderate,61.7
18,Female,163,49.6,54.6,General Fitness,Moderate,15.2
64,Male,194,104.9,78.5,Weight Loss,Very Active,69.3
36,Female,176,87.2,62.4,Weight Loss,Active,60.1
32,Female,162,77.4,75.9,General Fitness,Sedentary,5.3
31,Female,168,87.1,75.5,Weight Loss,Moderate,30.6
21,Female,152,50.0,64.5,General Fitness,Sedentary,43.9
41,Male,182,113.3,122.8,General Fitness,Active,38.7
30,Male,177,108.7,94.6,Weight Loss,Sedentary,38.4
61,Male,167,97.3,75.6,Weight Loss,Very Active,65.9
24,Male,181,72.2,59.9,Weight Loss,Moderate,38.1
15,Female,166,91.8,86.6,General Fitness,Moderate,15.4
60,Female,154,98.3,111.3,General Fitness,Sedentary,58.5
53,Female,179,60.4,55.1,General Fitness,Active,19.6
44,Female,151,71.5,53.7,Weight Loss,Moderate,59.8
65,Female,156,49.4,56.4,General Fitness,Very Active,31.3
49,Male,158,107.6,116.5,Muscle Gain,Active,100.9
42,Male,183,111.2,123.9,General Fitness,Moderate,45.6
33,Female,162,63.1,70.5,Muscle Gain,Active,62.6
41,Male,155,99.9,114.4,General Fitness,Moderate,45.5
36,Male,159,119.2,128.3,General Fitness,Very Active,32.2
22,Female,154,91.2,65.5,Weight Loss,Sedentary,74.2
59,Male,170,111.4,113.3,General Fitness,Moderate,8.7
36,Male,194,71.4,72.8,General Fitness,Very Active,4.8
17,Male,163,100.9,85.8,Weight Loss,Very Active,31.2
18,Female,158,91.0,62.1,Weight Loss,Moderate,74.7
19,Male,189,81.9,92.0,General Fitness,Very Active,28.0
28,Male,189,100.4,84.1,Weight Loss,Sedentary,43.8
49,Male,158,113.9,120.7,General Fitness,Very Active,22.6
47,Female,170,65.7,74.7,Muscle Gain,Active,97.4
20,Female,178,96.2,92.9,General Fitness,Active,10.3
25,Female,178,83.8,70.5,Weight Loss,Sedentary,31.7
59,Female,179,99.5,84.4,Weight Loss,Moderate,55.8
17,Male,170,60.2,66.9,Muscle Gain,Moderate,58.5
20,Male,165,68.6,65.4,General Fitness,Very Active,10.0
48,Male,182,118.7,123.9,Muscle Gain,Very Active,59.1
49,Female,169,52.5,66.7,General Fitness,Very Active,59.5
47,Male,185,84.2,75.1,Weight Loss,Sedentary,27.5
55,Male,195,77.6,51.1,Weight Loss,Active,79.2
60,Female,175,57.0,71.2,General Fitness,Active,58.0
25,Male,190,77.4,91.3,General Fitness,Moderate,46.5
44,Male,157,74.1,76.6,General Fitness,Very Active,8.3
68,Male,176,79.7,80.8,General Fitness,Very Active,4.5
46,Female,159,56.4,45.4,General Fitness,Very Active,43.3
25,Male,170,99.0,88.9,Weight Loss,Very Active,23.4
25,Female,171,60.1,52.3,General Fitness,Active,21.1
20,Female,153,96.9,92.6,Weight Loss,Sedentary,13.2
59,Male,162,70.7,84.9,General Fitness,Sedentary,61.6
44,Female,162,91.1,82.8,Weight Loss,Moderate,26.7
23,Female,173,72.0,83.7,Muscle Gain,Sedentary,99.9
39,Female,168,78.4,57.6,Weight Loss,Active,51.7
37,Female,176,63.7,72.5,Muscle Gain,Active,84.1
36,Female,165,94.3,101.4,Muscle Gain,Sedentary,68.5
43,Female,152,61.5,48.7,Weight Loss,Sedentary,38.1
54,Female,167,96.8,75.2,Weight Loss,Moderate,64.8
24,Male,158,116.3,102.8,General Fitness,Active,45.2
46,Male,173,101.2,109.6,Muscle Gain,Active,93.6
65,Male,163,85.8,72.4,Weight Loss,Sedentary,51.8
67,Female,168,82.6,73.1,Weight Loss,Moderate,33.4
33,Male,155,102.9,95.2,Weight Loss,Active,19.2
33,Male,156,92.4,96.9,Muscle Gain,Moderate,39.1
38,Male,165,78.0,69.0,General Fitness,Sedentary,30.7
34,Male,181,55.5,37.6,Weight Loss,Active,45.9
66,Male,174,103.2,80.5,Weight Loss,Moderate,89.2
44,Female,172,75.1,77.3,General Fitness,Moderate,9.2
47,Male,160,119.6,121.2,General Fitness,Moderate,6.4
25,Female,178,97.3,95.6,General Fitness,Sedentary,5.6
34,Female,168,53.7,51.1,General Fitness,Very Active,9.9
19,Male,168,67.5,61.0,General Fitness,Moderate,20.4
60,Female,149,95.1,89.8,Weight Loss,Active,15.6
54,Male,162,112.7,124.8,General Fitness,Sedentary,53.2
32,Male,171,93.5,78.9,Weight Loss,Moderate,40.1
48,Female,175,87.3,75.0,Weight Loss,Active,31.9
19,Female,169,86.6,78.0,Weight Loss,Moderate,18.0
57,Female,176,97.8,81.2,Weight Loss,Moderate,58.3
35,Male,183,118.5,89.3,Weight Loss,Sedentary,90.9
70,Male,168,58.9,65.5,General Fitness,Very Active,30.5
53,Male,193,73.3,45.6,Weight Loss,Active,63.0
70,Female,153,99.3,106.5,Muscle Gain,Moderate,87.2
46,Female,151,85.8,74.2,Weight Loss,Sedentary,30.6
70,Male,159,72.8,68.5,Weight Loss,Very Active,14.3
26,Female,158,61.4,35.6,Weight Loss,Moderate,65.3
30,Male,184,76.8,88.1,General Fitness,Moderate,42.1
49,Male,164,99.6,81.7,Weight Loss,Active,43.6
37,Female,165,99.9,97.3,General Fitness,Active,8.6
34,Female,178,92.4,68.4,Weight Loss,Moderate,72.7
51,Female,157,53.0,43.5,Weight Loss,Very Active,25.5
59,Male,170,81.7,66.8,Weight Loss,Active,40.1
29,Female,176,87.2,80.7,Weight Loss,Very Active,12.1
44,Female,166,64.0,56.4,Weight Loss,Sedentary,24.5
17,Female,152,59.3,71.0,Muscle Gain,Very Active,95.9
22,Male,172,71.4,73.5,General Fitness,Sedentary,6.5
60,Male,174,101.2,90.4,General Fitness,Sedentary,48.6
20,Male,188,94.5,104.3,Muscle Gain,Sedentary,84.4
47,Female,160,65.9,42.6,Weight Loss,Very Active,62.7
20,Male,172,107.5,113.9,Muscle Gain,Very Active,50.2
32,Female,166,91.6,97.6,General Fitness,Active,21.5
29,Female,145,91.8,86.3,Weight Loss,Sedentary,16.3
24,Female,176,87.6,102.0,General Fitness,Moderate,50.2
39,Female,178,57.7,51.6,General Fitness,Moderate,21.2
16,Female,157,59.2,47.3,General Fitness,Very Active,34.2
17,Female,179,51.2,54.8,General Fitness,Active,11.3
67,Male,188,95.8,77.6,Weight Loss,Active,55.6
67,Male,184,57.2,46.5,General Fitness,Very Active,53.4
60,Female,166,93.2,90.5,General Fitness,Active,11.1
54,Female,169,68.5,77.1,Muscle Gain,Active,93.3
68,Male,177,109.9,103.4,Weight Loss,Very Active,21.0
15,Female,152,67.8,39.7,Weight Loss,Sedentary,72.8
28,Male,172,74.9,84.0,General Fitness,Very Active,34.2
29,Female,165,82.1,69.7,General Fitness,Moderate,43.6
32,Male,187,94.4,72.0,Weight Loss,Very Active,47.2
43,Male,155,85.2,56.1,Weight Loss,Sedentary,81.8
55,Male,176,84.2,55.5,Weight Loss,Active,68.6
70,Male,191,74.6,64.0,Weight Loss,Active,33.4
35,Female,167,87.6,63.3,Weight Loss,Moderate,79.0
45,Male,165,98.8,111.1,General Fitness,Moderate,54.6
51,Female,180,51.9,48.0,General Fitness,Very Active,16.8
19,Female,145,71.8,53.2,Weight Loss,Active,35.4
19,Male,174,115.6,123.0,Muscle Gain,Sedentary,69.0
21,Female,177,58.3,69.9,General Fitness,Sedentary,38.7
30,Female,176,100.0,110.4,General Fitness,Moderate,37.2
26,Male,176,115.5,121.2,Muscle Gain,Moderate,58.1
63,Male,165,81.4,72.4,General Fitness,Moderate,43.2
41,Female,146,53.2,46.2,General Fitness,Very Active,27.5
44,Male,159,81.6,75.0,General Fitness,Active,27.1
68,Male,155,67.3,82.2,General Fitness,Sedentary,69.5
43,Male,157,107.7,99.9,General Fitness,Sedentary,28.6
63,Female,159,54.0,46.0,General Fitness,Very Active,36.9
49,Female,173,92.6,78.5,General Fitness,Active,60.7
20,Female,177,53.8,56.2,General Fitness,Active,7.2
15,Female,147,55.7,64.4,Muscle Gain,Active,76.6
26,Male,182,118.4,104.7,Weight Loss,Sedentary,37.9
23,Male,179,98.1,70.7,Weight Loss,Moderate,64.7
43,Female,159,58.3,38.8,Weight Loss,Active,50.7
64,Male,157,102.6,109.5,Muscle Gain,Active,79.1
24,Male,164,72.7,82.5,Muscle Gain,Active,95.4
23,Female,166,83.9,90.3,Muscle Gain,Sedentary,57.7
68,Male,168,81.0,53.0,Weight Loss,Active,85.4
27,Female,153,72.1,76.3,General Fitness,Moderate,13.1
59,Male,180,65.4,36.8,Weight Loss,Active,76.3
65,Male,169,87.3,93.3,Muscle Gain,Moderate,69.9
21,Female,147,57.8,62.0,General Fitness,Moderate,14.5
24,Male,168,71.3,44.1,Weight Loss,Active,67.3
15,Male,172,67.8,63.5,General Fitness,Very Active,12.3
49,Male,172,78.9,69.0,General Fitness,Moderate,42.7
50,Male,195,114.9,122.5,Muscle Gain,Very Active,69.1
45,Female,171,76.4,70.0,General Fitness,Sedentary,22.8
46,Male,189,106.5,91.0,Weight Loss,Active,34.8
16,Male,175,68.4,73.9,Muscle Gain,Active,48.3
48,Female,178,64.9,56.4,Weight Loss,Very Active,21.8
55,Male,191,57.5,66.9,General Fitness,Moderate,40.0
20,Male,178,56.5,59.8,General Fitness,Moderate,11.1
40,Female,174,57.3,62.5,General Fitness,Sedentary,19.3
68,Female,179,68.6,61.8,Weight Loss,Active,18.2
61,Female,145,57.7,63.4,General Fitness,Sedentary,26.5
25,Male,164,61.7,70.7,Muscle Gain,Very Active,78.6
33,Female,158,76.5,46.9,Weight Loss,Very Active,64.1
54,Male,176,114.6,109.6,General Fitness,Active,20.2
45,Female,148,73.2,64.3,Weight Loss,Sedentary,27.4
16,Male,164,102.9,74.4,Weight Loss,Sedentary,74.7
29,Male,165,77.8,87.4,Muscle Gain,Very Active,93.3
25,Female,158,60.7,44.1,Weight Loss,Moderate,42.4
53,Female,149,68.4,61.9,General Fitness,Moderate,25.5
34,Male,190,88.8,75.1,Weight Loss,Sedentary,43.9
28,Male,164,81.9,87.2,General Fitness,Very Active,18.8
47,Male,177,94.9,104.7,General Fitness,Very Active,44.8
46,Male,161,114.7,119.8,General Fitness,Moderate,21.7
37,Male,186,107.9,85.6,Weight Loss,Active,47.8
64,Male,190,112.3,123.7,General Fitness,Very Active,49.6
57,Male,176,80.3,74.5,General Fitness,Sedentary,23.2
54,Female,158,72.7,79.2,General Fitness,Active,27.8
17,Male,187,110.9,90.5,Weight Loss,Moderate,48.8
66,Female,155,59.6,66.4,Muscle Gain,Very Active,87.7
48,Male,180,93.7,99.7,Muscle Gain,Active,61.8
58,Male,177,80.3,55.1,Weight Loss,Sedentary,89.1
48,Female,179,47.5,35.6,Weight Loss,Sedentary,37.8
39,Female,172,45.0,53.1,Muscle Gain,Active,81.1
40,Male,171,83.7,68.3,Weight Loss,Very Active,40.3
42,Male,160,67.1,69.7,General Fitness,Sedentary,9.0
59,Male,175,118.6,100.7,Weight Loss,Very Active,57.9
28,Female,158,65.5,78.3,General Fitness,Moderate,37.3
67,Female,159,73.4,61.9,Weight Loss,Sedentary,40.2
52,Male,176,106.1,90.1,Weight Loss,Moderate,55.1
19,Male,166,110.6,85.7,Weight Loss,Sedentary,68.2
53,Male,191,105.1,107.7,General Fitness,Active,10.5
36,Female,152,76.7,55.6,Weight Loss,Active,50.3
49,Male,183,60.3,67.4,General Fitness,Very Active,29.1
60,Male,165,103.8,118.1,General Fitness,Moderate,67.8
19,Male,167,73.2,60.7,Weight Loss,Moderate,35.0
17,Male,158,116.3,91.0,Weight Loss,Active,48.1
45,Female,176,65.0,73.8,General Fitness,Sedentary,33.8
31,Male,189,55.4,48.8,General Fitness,Very Active,22.5
19,Female,172,62.5,52.1,General Fitness,Active,34.0
18,Male,159,90.2,62.9,Weight Loss,Very Active,54.3
70,Male,194,109.8,95.8,General Fitness,Moderate,66.8
37,Male,192,111.9,95.2,Weight Loss,Active,36.8
18,Female,172,88.3,92.4,General Fitness,Moderate,14.7
50,Female,177,83.6,68.6,General Fitness,Very Active,55.7
55,Male,161,92.1,85.4,General Fitness,Very Active,28.2
37,Female,155,49.9,55.3,Muscle Gain,Sedentary,57.7
15,Male,188,63.0,38.8,Weight Loss,Very Active,46.7
31,Male,171,103.6,91.3,General Fitness,Sedentary,45.9
21,Male,171,57.5,45.7,General Fitness,Very Active,34.3
31,Female,162,76.1,85.1,Muscle Gain,Active,96.5
40,Female,172,77.7,84.4,Muscle Gain,Active,68.9
46,Female,161,52.8,38.0,General Fitness,Sedentary,54.9
33,Female,167,70.0,43.8,Weight Loss,Sedentary,74.8
21,Female,170,96.6,67.5,Weight Loss,Sedentary,72.8
22,Female,175,99.4,78.2,Weight Loss,Very Active,44.7
52,Female,145,52.4,64.4,General Fitness,Active,44.1
39,Male,160,62.9,56.4,General Fitness,Very Active,27.6
67,Male,173,57.9,62.0,Muscle Gain,Very Active,51.1
28,Female,150,84.4,89.9,Muscle Gain,Moderate,47.6
48,Female,165,86.0,68.9,Weight Loss,Sedentary,59.2
19,Female,173,54.9,48.8,General Fitness,Very Active,19.1
55,Female,168,95.0,67.8,Weight Loss,Sedentary,101.6
27,Female,152,73.3,60.3,Weight Loss,Sedentary,39.3
54,Female,159,60.8,53.8,Weight Loss,Active,20.4
15,Male,193,60.5,53.5,Weight Loss,Sedentary,17.1
61,Female,151,88.6,96.3,Muscle Gain,Moderate,83.1
17,Male,164,61.3,58.7,General Fitness,Active,8.5
46,Male,194,116.1,89.7,Weight Loss,Moderate,70.1
56,Male,155,117.4,129.7,General Fitness,Sedentary,51.1
38,Female,177,71.0,41.7,Weight Loss,Active,69.6
28,Female,164,72.6,43.9,Weight Loss,Very Active,71.3
67,Male,195,64.7,53.3,Weight Loss,Very Active,34.6
27,Male,175,62.6,35.3,Weight Loss,Active,67.4
36,Male,157,119.0,123.5,General Fitness,Sedentary,16.0
47,Male,185,65.3,80.1,General Fitness,Moderate,62.4
50,Male,178,94.3,91.9,General Fitness,Very Active,8.8
57,Female,147,71.4,60.4,Weight Loss,Sedentary,37.2
29,Male,155,96.3,101.4,Muscle Gain,Active,46.9
21,Male,162,99.4,86.6,Weight Loss,Very Active,28.8
65,Male,192,115.6,108.2,Weight Loss,Active,20.0
16,Female,150,46.4,44.8,General Fitness,Very Active,5.0
34,Female,176,65.0,42.8,Weight Loss,Active,43.9
55,Female,149,85.4,77.1,General Fitness,Very Active,38.3
18,Female,153,51.4,42.4,General Fitness,Very Active,27.2
28,Female,174,69.0,55.1,General Fitness,Active,47.7
28,Female,158,51.5,57.3,Muscle Gain,Sedentary,53.1
31,Male,190,57.7,44.4,General Fitness,Active,50.7
16,Female,159,67.1,53.0,Weight Loss,Very Active,28.5
22,Male,166,106.2,96.2,General Fitness,Moderate,37.0
69,Male,187,82.0,67.6,General Fitness,Moderate,60.3
63,Female,173,52.4,47.7,General Fitness,Active,21.7
34,Male,178,96.9,66.9,Weight Loss,Sedentary,91.0
57,Female,147,94.5,101.1,General Fitness,Moderate,30.4
29,Male,161,66.8,74.1,Muscle Gain,Active,65.4
48,Female,162,76.8,46.8,Weight Loss,Active,73.6
70,Male,182,77.8,70.6,Weight Loss,Active,23.4
16,Female,169,86.2,70.6,Weight Loss,Sedentary,41.2
51,Female,161,54.2,63.9,General Fitness,Active,40.3
63,Male,181,67.6,46.0,Weight Loss,Moderate,82.6
26,Female,176,67.0,74.0,General Fitness,Very Active,22.2
20,Male,186,71.7,52.6,Weight Loss,Active,42.0
50,Female,179,89.0,81.2,Weight Loss,Sedentary,23.2
27,Female,145,82.4,66.2,Weight Loss,Moderate,38.0
70,Female,146,46.8,41.8,Weight Loss,Active,11.6
36,Male,174,89.2,90.2,General Fitness,Sedentary,3.9
41,Male,171,87.5,84.3,General Fitness,Moderate,12.2
20,Female,145,92.5,100.8,General Fitness,Sedentary,26.1
67,Male,184,100.8,104.1,Muscle Gain,Active,44.9
29,Male,188,98.0,101.5,Muscle Gain,Very Active,34.8
44,Female,159,66.3,62.8,General Fitness,Very Active,15.2
66,Female,156,86.9,71.5,Weight Loss,Sedentary,50.0
25,Female,162,95.1,104.8,General Fitness,Very Active,28.2
38,Male,183,95.2,98.4,General Fitness,Active,11.6
22,Female,166,62.0,42.3,Weight Loss,Sedentary,51.8
28,Female,156,85.2,72.3,General Fitness,Very Active,46.2
41,Female,177,75.4,83.9,General Fitness,Active,32.1
58,Male,193,85.8,57.4,Weight Loss,Active,82.9
46,Female,148,54.3,60.7,Muscle Gain,Active,80.3
66,Female,161,85.4,93.7,General Fitness,Very Active,34.0
67,Female,161,98.5,109.9,General Fitness,Active,51.8
32,Female,173,94.9,81.8,General Fitness,Moderate,43.2
58,Male,188,94.7,89.3,General Fitness,Active,22.2
30,Female,173,89.3,98.2,Muscle Gain,Sedentary,81.0
38,Male,169,89.6,96.0,Muscle Gain,Sedentary,62.3
59,Female,162,89.6,88.2,General Fitness,Sedentary,5.9
66,Female,162,49.8,46.8,Weight Loss,Sedentary,10.4
66,Female,161,91.1,79.6,Weight Loss,Moderate,47.6
41,Male,178,88.6,101.8,General Fitness,Moderate,46.2
33,Female,170,70.7,50.2,Weight Loss,Moderate,60.2
70,Female,172,86.0,81.5,General Fitness,Very Active,21.5
31,Female,152,63.5,56.5,Weight Loss,Very Active,14.0
67,Male,159,58.5,56.3,General Fitness,Active,10.2
27,Female,178,55.8,51.5,General Fitness,Very Active,15.5
31,Female,158,93.9,78.8,Weight Loss,Active,32.1
48,Female,158,92.0,95.4,Muscle Gain,Very Active,38.9
41,Female,147,55.2,62.7,General Fitness,Moderate,30.7
63,Female,175,48.3,52.7,Muscle Gain,Very Active,56.2
30,Male,180,115.0,88.7,Weight Loss,Moderate,76.7
46,Male,184,71.5,52.3,Weight Loss,Moderate,60.5
59,Female,158,95.0,99.5,General Fitness,Sedentary,18.2
59,Female,177,87.8,84.5,Weight Loss,Active,10.3
69,Male,178,62.7,58.9,Weight Loss,Very Active,10.7
47,Female,157,89.3,96.2,Muscle Gain,Active,78.3
70,Male,183,91.0,65.9,Weight Loss,Sedentary,83.0
66,Male,171,71.0,85.3,General Fitness,Very Active,60.9
62,Female,177,90.6,104.9,General Fitness,Active,61.4
62,Male,192,69.0,65.2,General Fitness,Active,16.7
39,Male,167,69.2,40.3,Weight Loss,Very Active,69.6
69,Male,180,77.9,48.7,Weight Loss,Active,85.5
53,Male,192,62.6,50.1,Weight Loss,Very Active,35.0
28,Male,165,56.7,49.8,Weight Loss,Very Active,17.1
59,Male,157,104.3,82.6,Weight Loss,Moderate,76.7
66,Female,148,61.6,48.4,General Fitness,Moderate,56.2
34,Male,188,73.7,58.6,Weight Loss,Active,32.8
46,Female,154,92.3,84.2,Weight Loss,Moderate,27.2
26,Male,178,78.7,86.2,General Fitness,Active,24.9
61,Male,194,76.3,81.5,General Fitness,Very Active,21.5
15,Female,163,73.2,62.6,Weight Loss,Active,23.1
62,Male,156,88.2,91.1,General Fitness,Active,12.5
17,Female,160,95.5,99.0,Muscle Gain,Active,28.6
37,Female,167,78.1,65.9,General Fitness,Active,46.7
46,Female,162,65.5,78.7,General Fitness,Very Active,51.7
23,Female,158,73.3,76.4,General Fitness,Sedentary,10.1
54,Male,157,56.1,60.2,Muscle Gain,Very Active,55.1
53,Female,163,75.1,83.4,Muscle Gain,Active,101.9
61,Female,151,69.0,74.3,Muscle Gain,Active,66.2
64,Female,173,68.7,58.6,Weight Loss,Moderate,39.4
40,Female,168,55.9,51.2,Weight Loss,Very Active,11.6
33,Male,178,76.9,67.4,Weight Loss,Active,22.1
54,Female,166,93.8,103.0,Muscle Gain,Active,77.5
42,Female,180,97.6,76.7,Weight Loss,Sedentary,66.4
59,Male,181,82.0,85.9,Muscle Gain,Very Active,43.7
64,Female,155,50.1,61.2,General Fitness,Active,48.6
50,Male,179,112.7,88.7,Weight Loss,Very Active,57.3
17,Male,188,92.4,63.4,Weight Loss,Very Active,59.5
20,Female,147,65.3,53.2,General Fitness,Sedentary,35.5
38,Male,168,66.3,58.9,Weight Loss,Sedentary,23.3
54,Female,157,82.7,59.9,Weight Loss,Sedentary,79.0
30,Male,186,93.2,89.6,General Fitness,Very Active,13.4
48,Male,165,116.3,101.4,General Fitness,Very Active,55.1
33,Male,183,88.8,100.3,General Fitness,Active,40.9
34,Male,187,100.5,96.9,General Fitness,Moderate,13.6
31,Female,174,80.7,87.0,Muscle Gain,Sedentary,62.9
58,Female,180,71.1,83.6,General Fitness,Sedentary,54.4
34,Female,169,74.0,84.3,General Fitness,Moderate,41.5
34,Female,154,55.8,63.5,Muscle Gain,Very Active,76.5
65,Male,192,104.3,117.2,General Fitness,Very Active,51.8
39,Female,171,81.7,69.4,General Fitness,Very Active,42.4
68,Male,163,92.5,80.4,General Fitness,Moderate,54.6
18,Female,161,88.3,96.9,Muscle Gain,Moderate,72.0
58,Female,173,81.4,91.5,General Fitness,Active,40.7
50,Female,145,48.0,42.1,General Fitness,Very Active,24.2
56,Male,182,72.0,79.3,Muscle Gain,Very Active,73.5
29,Female,155,70.7,57.8,Weight Loss,Very Active,32.3
33,Male,164,60.7,39.2,Weight Loss,Sedentary,66.5
44,Female,151,92.6,97.9,Muscle Gain,Active,50.3
66,Female,166,67.5,57.7,General Fitness,Sedentary,45.7
18,Male,189,60.7,68.2,Muscle Gain,Active,66.9
60,Male,191,87.5,59.4,Weight Loss,Moderate,91.0
28,Male,168,90.6,93.6,Muscle Gain,Moderate,25.5
62,Male,186,57.8,51.7,General Fitness,Sedentary,25.8
37,Male,184,113.5,123.7,General Fitness,Active,40.3
21,Female,152,89.1,85.1,General Fitness,Very Active,12.9
40,Male,190,93.2,82.4,Weight Loss,Sedentary,35.0
20,Male,194,63.2,71.0,Muscle Gain,Moderate,55.9
42,Male,181,77.8,51.7,Weight Loss,Very Active,69.3
40,Male,160,113.8,84.7,Weight Loss,Moderate,89.5
41,Female,154,58.8,64.4,General Fitness,Sedentary,23.1
23,Male,158,98.8,108.7,Muscle Gain,Very Active,81.5
24,Female,174,84.8,82.2,General Fitness,Sedentary,6.4
50,Female,176,47.3,56.4,General Fitness,Very Active,37.2
26,Female,150,83.4,77.9,Weight Loss,Sedentary,15.6
66,Female,156,98.5,107.7,Muscle Gain,Moderate,96.8
63,Male,169,56.1,69.2,General Fitness,Moderate,52.5
20,Female,171,63.2,75.6,General Fitness,Active,48.4
70,Female,151,83.8,74.7,Weight Loss,Moderate,33.2
62,Female,152,76.5,73.5,General Fitness,Active,12.3
35,Female,164,74.9,71.0,Weight Loss,Sedentary,9.6
53,Female,159,55.5,41.9,Weight Loss,Sedentary,45.2
29,Female,171,56.2,60.5,General Fitness,Moderate,14.5
59,Female,164,55.6,44.8,General Fitness,Active,44.3
22,Male,180,105.1,109.8,General Fitness,Active,15.2
70,Male,168,114.8,124.6,General Fitness,Moderate,43.9
39,Male,188,62.0,71.4,Muscle Gain,Active,86.1
18,Male,177,101.9,74.8,Weight Loss,Sedentary,59.4
30,Male,159,86.7,93.3,Muscle Gain,Moderate,52.6
37,Female,163,96.0,69.5,Weight Loss,Very Active,66.5
51,Male,167,115.5,109.3,General Fitness,Active,24.9
42,Female,154,80.9,92.0,General Fitness,Active,39.7
41,Male,156,104.4,119.1,General Fitness,Moderate,54.1
47,Male,156,103.1,99.4,Weight Loss,Very Active,8.4
56,Male,184,58.2,45.0,General Fitness,Sedentary,57.8
57,Female,155,74.0,79.8,General Fitness,Very Active,27.1
47,Female,153,93.5,87.8,Weight Loss,Very Active,15.6
34,Female,172,46.5,57.8,Muscle Gain,Very Active,94.0
53,Male,178,80.4,68.2,General Fitness,Active,52.4
37,Male,162,118.1,105.2,Weight Loss,Sedentary,36.4
66,Male,173,102.5,90.5,General Fitness,Very Active,54.4
46,Female,167,50.8,35.2,Weight Loss,Sedentary,49.1
55,Female,175,55.4,46.8,General Fitness,Very Active,39.3
38,Female,166,81.0,89.2,Muscle Gain,Moderate,87.2
31,Male,182,96.6,99.3,General Fitness,Very Active,9.3
51,Female,171,97.9,79.4,Weight Loss,Sedentary,57.3
58,Male,157,68.8,73.1,Muscle Gain,Moderate,49.8
17,Female,165,80.3,88.7,General Fitness,Moderate,26.1
64,Male,190,117.1,107.3,Weight Loss,Active,28.8
50,Male,165,81.2,55.1,Weight Loss,Moderate,86.7
20,Male,183,96.9,80.1,Weight Loss,Moderate,47.6
51,Female,162,82.7,57.8,Weight Loss,Moderate,75.8
64,Female,150,70.2,66.3,General Fitness,Very Active,15.4
56,Female,165,56.4,46.7,Weight Loss,Active,27.9
46,Male,177,57.1,38.2,Weight Loss,Active,51.0
54,Female,162,73.4,50.6,Weight Loss,Sedentary,65.4
43,Male,177,119.5,125.7,Muscle Gain,Active,65.5
51,Female,151,67.4,54.2,Weight Loss,Moderate,42.2
35,Female,146,67.0,43.5,Weight Loss,Active,52.4
32,Male,161,58.9,47.9,General Fitness,Active,42.9
64,Female,175,59.3,51.1,Weight Loss,Very Active,22.4
22,Female,145,50.9,42.6,General Fitness,Moderate,25.3
28,Female,154,86.9,73.8,General Fitness,Sedentary,45.0
35,Male,186,57.4,49.3,Weight Loss,Sedentary,23.8
39,Female,156,61.6,75.8,General Fitness,Moderate,54.9
65,Female,169,79.3,68.6,General Fitness,Active,45.1
15,Male,186,109.4,111.6,General Fitness,Active,6.4
29,Male,172,80.0,93.8,General Fitness,Active,49.3
18,Male,183,92.6,80.8,General Fitness,Sedentary,44.7
23,Female,149,59.3,35.7,Weight Loss,Active,53.3
15,Male,165,65.8,75.7,General Fitness,Moderate,30.7
48,Female,166,59.8,66.1,Muscle Gain,Sedentary,81.2
38,Male,155,64.1,72.9,Muscle Gain,Very Active,95.3
61,Male,185,90.7,99.6,General Fitness,Active,38.6
52,Male,166,66.1,53.7,General Fitness,Active,49.7
25,Male,191,92.9,83.4,General Fitness,Active,30.5
15,Female,150,56.9,40.0,Weight Loss,Active,31.9
51,Female,157,76.9,71.9,General Fitness,Very Active,19.0
34,Male,157,64.9,45.2,Weight Loss,Very Active,46.2
42,Female,177,73.2,81.5,General Fitness,Active,27.2
49,Female,149,83.0,79.9,General Fitness,Active,12.5
44,Male,175,116.7,88.0,Weight Loss,Very Active,72.5
50,Male,156,113.0,107.3,Weight Loss,Sedentary,18.0
23,Male,168,61.7,55.1,General Fitness,Active,27.0
40,Male,166,116.3,100.4,Weight Loss,Active,35.3
64,Male,165,55.7,52.7,General Fitness,Moderate,13.4
49,Female,172,69.3,65.2,Weight Loss,Moderate,12.8
55,Male,182,101.0,114.7,General Fitness,Very Active,50.6
46,Male,163,59.9,67.2,General Fitness,Very Active,29.4
59,Female,176,98.2,91.3,Weight Loss,Sedentary,26.0
32,Female,156,68.8,58.0,Weight Loss,Active,27.1
59,Male,166,69.3,59.1,General Fitness,Active,40.3
45,Female,147,60.1,50.0,General Fitness,Sedentary,41.0
20,Female,178,78.8,88.0,Muscle Gain,Moderate,77.9
61,Male,182,99.3,80.3,Weight Loss,Sedentary,63.1
35,Male,170,75.3,67.8,General Fitness,Moderate,30.5
69,Female,145,72.3,59.2,Weight Loss,Very Active,39.7
57,Female,170,55.9,61.8,General Fitness,Active,26.0
23,Female,149,58.1,72.2,General Fitness,Very Active,43.2
50,Female,162,85.7,75.2,Weight Loss,Active,25.0
52,Male,176,76.9,68.6,Weight Loss,Active,21.2
62,Male,175,94.8,88.9,General Fitness,Sedentary,25.2
63,Female,167,85.4,82.1,Weight Loss,Very Active,9.5
31,Female,149,72.0,64.0,General Fitness,Sedentary,24.2
23,Male,181,111.3,95.2,Weight Loss,Active,31.7
43,Male,159,112.6,86.0,Weight Loss,Sedentary,88.2
19,Female,155,69.3,57.7,Weight Loss,Sedentary,29.4
67,Female,158,48.9,37.6,Weight Loss,Very Active,30.5
16,Male,189,87.8,80.4,Weight Loss,Sedentary,17.3
61,Male,176,105.8,87.1,Weight Loss,Very Active,51.4
16,Female,160,89.8,81.3,General Fitness,Sedentary,27.6
34,Male,190,116.9,105.9,General Fitness,Very Active,42.2
47,Male,164,74.8,52.7,Weight Loss,Sedentary,68.6
43,Male,157,63.8,68.5,General Fitness,Sedentary,16.3
51,Male,193,92.3,66.0,Weight Loss,Active,65.3
16,Male,172,67.2,55.8,Weight Loss,Moderate,27.9
61,Female,158,61.9,67.1,Muscle Gain,Moderate,67.9
19,Male,157,107.3,115.3,Muscle Gain,Active,74.4
15,Female,163,51.1,44.8,Weight Loss,Sedentary,16.1
62,Female,174,76.4,81.7,Muscle Gain,Active,56.6
58,Female,159,77.8,65.2,Weight Loss,Moderate,44.5
46,Female,169,88.7,83.6,Weight Loss,Sedentary,17.8
46,Female,172,71.2,78.3,General Fitness,Very Active,26.8
44,Male,159,63.4,54.6,Weight Loss,Very Active,24.7
54,Male,184,96.8,84.6,General Fitness,Moderate,55.3
29,Female,147,60.1,62.7,General Fitness,Very Active,10.1
49,Male,190,113.4,116.9,Muscle Gain,Sedentary,40.0
54,Female,157,94.9,97.4,General Fitness,Active,10.6
61,Male,163,57.1,70.7,General Fitness,Very Active,56.0
43,Male,160,98.8,87.3,Weight Loss,Moderate,34.9
62,Male,184,117.6,112.6,Weight Loss,Sedentary,16.0
44,Male,163,99.1,100.2,General Fitness,Sedentary,4.7
46,Male,159,119.2,131.2,General Fitness,Active,50.9
38,Female,176,74.6,71.2,Weight Loss,Very Active,8.0
59,Female,164,75.4,61.4,Weight Loss,Sedentary,51.1
31,Male,172,64.7,71.8,General Fitness,Very Active,24.8
22,Male,187,85.1,61.1,Weight Loss,Sedentary,69.5
35,Male,184,105.5,83.8,Weight Loss,Moderate,57.2
57,Female,161,78.0,65.6,General Fitness,Very Active,54.4
31,Male,169,88.4,90.8,General Fitness,Sedentary,8.2
31,Female,170,91.3,94.6,General Fitness,Moderate,11.6
21,Male,167,58.8,70.5,Muscle Gain,Sedentary,97.8
30,Female,150,89.8,61.9,Weight Loss,Moderate,91.0
61,Female,154,64.5,74.0,Muscle Gain,Moderate,100.2
67,Female,166,56.5,61.8,Muscle Gain,Sedentary,62.9
28,Male,162,59.7,54.0,General Fitness,Moderate,20.1
55,Male,163,56.8,53.5,Weight Loss,Sedentary,11.5
56,Male,192,68.3,44.1,Weight Loss,Very Active,73.1
19,Female,164,59.6,39.1,Weight Loss,Moderate,57.1
22,Male,162,109.1,113.9,Muscle Gain,Very Active,44.1
32,Female,154,67.7,78.5,General Fitness,Active,33.8
43,Female,165,74.4,80.0,Muscle Gain,Moderate,57.8
18,Male,189,61.9,74.8,General Fitness,Active,44.0
23,Male,167,77.6,64.6,Weight Loss,Moderate,35.0
47,Female,178,46.7,48.1,General Fitness,Moderate,5.3
31,Female,163,95.2,82.5,Weight Loss,Active,26.9
46,Female,176,71.5,76.5,General Fitness,Very Active,19.3
56,Female,169,46.1,43.7,General Fitness,Active,10.9
44,Male,165,110.9,118.2,Muscle Gain,Sedentary,75.3
53,Female,172,47.4,35.8,General Fitness,Moderate,52.8
44,Male,156,83.6,76.7,Weight Loss,Active,19.6
60,Male,185,74.3,79.4,Muscle Gain,Sedentary,59.5
32,Female,154,70.3,51.8,Weight Loss,Active,39.5
42,Male,160,106.1,114.1,General Fitness,Moderate,25.2
36,Female,164,78.2,89.7,General Fitness,Active,36.8
58,Female,154,69.2,66.7,General Fitness,Active,11.7
16,Male,165,68.9,39.8,Weight Loss,Active,60.0
45,Female,169,50.6,57.3,General Fitness,Moderate,26.7
17,Male,172,102.3,108.8,General Fitness,Active,16.7
50,Male,179,70.0,64.9,Weight Loss,Moderate,15.2
15,Male,163,101.0,76.3,Weight Loss,Active,53.5
64,Male,173,99.1,87.0,Weight Loss,Very Active,35.7
43,Female,171,72.0,47.5,Weight Loss,Moderate,76.2
35,Male,171,69.1,45.8,Weight Loss,Moderate,72.3
60,Female,173,73.6,64.8,Weight Loss,Moderate,35.0
20,Female,167,51.6,52.8,General Fitness,Moderate,3.8
63,Male,165,59.4,65.7,Muscle Gain,Very Active,75.7
51,Female,169,98.4,112.4,General Fitness,Very Active,57.2
38,Male,177,86.0,90.9,Muscle Gain,Sedentary,59.1
15,Male,190,91.9,98.2,Muscle Gain,Moderate,44.2
69,Male,169,61.9,67.1,Muscle Gain,Very Active,68.0
20,Female,164,73.4,69.0,Weight Loss,Active,9.2
57,Male,178,94.4,81.8,General Fitness,Very Active,55.1
15,Male,193,58.8,64.4,Muscle Gain,Sedentary,44.7
20,Male,165,116.3,119.0,General Fitness,Very Active,8.6
53,Female,165,76.4,52.5,Weight Loss,Moderate,85.0
19,Male,175,107.7,80.2,Weight Loss,Moderate,89.9
15,Male,190,89.2,84.7,Weight Loss,Moderate,10.6
19,Female,174,63.5,55.9,Weight Loss,Active,15.4
16,Female,148,69.4,49.5,Weight Loss,Moderate,48.9
51,Female,151,61.7,57.5,Weight Loss,Active,10.9
40,Female,171,79.2,57.9,Weight Loss,Moderate,69.5
47,Male,182,117.1,121.9,Muscle Gain,Moderate,46.5
17,Female,161,94.9,97.9,General Fitness,Active,9.7
49,Female,165,69.6,59.9,General Fitness,Active,43.5
44,Male,164,118.6,126.5,Muscle Gain,Very Active,88.3
54,Male,170,97.5,104.8,General Fitness,Very Active,30.0
18,Male,159,117.9,125.6,Muscle Gain,Very Active,65.4
62,Male,172,78.2,57.1,Weight Loss,Very Active,60.5
55,Female,157,66.4,61.6,Weight Loss,Very Active,10.9
57,Male,165,85.5,76.9,Weight Loss,Moderate,30.1
69,Male,170,55.3,37.4,Weight Loss,Moderate,66.2
65,Female,152,65.2,70.6,Muscle Gain,Active,61.5
64,Female,169,65.9,62.7,Weight Loss,Active,9.1
16,Male,167,113.6,108.8,General Fitness,Moderate,17.6
70,Female,173,89.9,91.3,General Fitness,Very Active,5.8
16,Male,186,72.7,82.1,Muscle Gain,Sedentary,77.1
70,Female,173,46.7,42.3,Weight Loss,Moderate,18.2
61,Female,176,99.6,113.1,General Fitness,Sedentary,58.0
42,Male,166,111.9,125.6,General Fitness,Very Active,57.1
32,Female,155,71.9,81.0,Muscle Gain,Sedentary,93.1
31,Male,161,102.2,111.7,General Fitness,Sedentary,39.5
60,Male,171,99.6,105.5,Muscle Gain,Moderate,81.3
60,Male,169,92.5,73.7,Weight Loss,Moderate,62.5
57,Male,155,73.8,63.4,Weight Loss,Moderate,40.6
56,Female,169,66.5,55.5,Weight Loss,Very Active,31.4
51,Female,150,94.1,100.7,General Fitness,Moderate,23.0
46,Female,173,86.4,96.2,Muscle Gain,Very Active,103.5
23,Female,145,72.5,49.6,Weight Loss,Active,52.9
52,Female,172,62.1,48.8,General Fitness,Moderate,58.5
18,Male,173,92.3,104.4,Muscle Gain,Active,87.3
52,Female,180,72.6,87.5,General Fitness,Moderate,60.3
24,Female,155,45.3,49.6,Muscle Gain,Active,42.6
41,Female,155,77.7,69.2,General Fitness,Sedentary,31.5
17,Female,148,65.9,73.6,General Fitness,Active,25.4
20,Male,161,114.9,90.3,Weight Loss,Sedentary,63.5
40,Female,167,58.8,67.2,General Fitness,Sedentary,28.3
60,Female,178,56.6,60.8,Muscle Gain,Very Active,49.4
56,Female,177,70.1,56.1,General Fitness,Moderate,57.6
42,Female,172,98.5,105.7,Muscle Gain,Very Active,72.4
60,Male,189,83.4,87.9,General Fitness,Active,18.7
23,Male,171,110.9,125.0,General Fitness,Very Active,45.0
48,Female,168,91.0,74.9,Weight Loss,Very Active,44.4
67,Male,159,94.4,96.2,General Fitness,Very Active,7.9
49,Male,184,65.3,37.6,Weight Loss,Moderate,91.0
67,Female,162,67.9,60.0,Weight Loss,Active,23.2
36,Male,182,81.5,61.4,Weight Loss,Very Active,49.2
58,Male,177,57.4,54.2,General Fitness,Moderate,12.2
35,Male,170,98.8,103.4,Muscle Gain,Moderate,44.7
25,Female,148,52.8,42.2,Weight Loss,Active,24.5
18,Female,176,60.4,57.0,Weight Loss,Active,6.2
26,Male,187,58.5,67.7,General Fitness,Moderate,31.4
32,Male,155,74.6,50.3,Weight Loss,Active,56.9
44,Male,185,61.3,43.3,Weight Loss,Sedentary,57.2
59,Male,170,116.0,118.8,General Fitness,Active,12.9
46,Female,172,64.5,69.1,General Fitness,Moderate,18.4
43,Male,177,85.9,92.7,Muscle Gain,Moderate,79.7
33,Female,174,96.6,102.7,Muscle Gain,Sedentary,54.8
21,Female,166,94.0,101.2,Muscle Gain,Very Active,64.6
53,Male,172,66.7,55.8,General Fitness,Moderate,44.8
56,Male,161,68.5,75.8,Muscle Gain,Sedentary,76.4
51,Male,158,83.4,91.0,General Fitness,Moderate,32.9
29,Male,183,114.7,93.1,Weight Loss,Sedentary,61.2
37,Male,193,70.8,49.0,Weight Loss,Very Active,54.7
41,Male,166,118.9,120.4,General Fitness,Sedentary,5.3
17,Female,145,84.4,71.7,General Fitness,Sedentary,33.9
40,Female,162,61.0,67.6,Muscle Gain,Moderate,63.9
52,Male,160,71.4,68.2,General Fitness,Very Active,11.5
47,Female,148,91.6,74.9,Weight Loss,Very Active,42.8
57,Female,175,50.9,41.5,General Fitness,Active,38.3
28,Male,157,55.9,46.7,General Fitness,Active,33.6
36,Female,177,85.2,70.7,Weight Loss,Moderate,39.5
33,Female,170,65.3,75.3,Muscle Gain,Active,91.5
44,Female,146,58.3,47.9,Weight Loss,Active,26.5
29,Female,156,84.1,96.6,General Fitness,Moderate,46.5
67,Female,149,63.4,51.9,General Fitness,Active,53.3
21,Male,186,80.7,91.1,General Fitness,Active,34.2
24,Male,166,92.0,101.7,Muscle Gain,Active,88.8
55,Female,153,49.9,41.0,General Fitness,Active,38.0
44,Female,153,57.6,51.0,General Fitness,Moderate,23.3
24,Female,172,61.9,57.3,Weight Loss,Active,10.1
54,Male,167,78.5,55.1,Weight Loss,Sedentary,72.5
53,Female,154,54.1,44.2,General Fitness,Moderate,40.7
51,Male,180,113.4,104.6,General Fitness,Active,34.1
63,Male,186,81.2,70.6,General Fitness,Active,45.9
59,Female,180,57.2,43.2,General Fitness,Active,58.7
47,Female,155,93.3,70.2,Weight Loss,Very Active,62.2
36,Male,192,66.7,78.7,General Fitness,Active,49.3
65,Male,166,79.5,70.6,General Fitness,Very Active,37.3
43,Male,165,86.7,66.6,Weight Loss,Active,44.2
49,Female,155,71.0,72.8,General Fitness,Very Active,7.6
64,Female,160,58.9,49.1,Weight Loss,Moderate,31.5
20,Female,179,47.7,54.0,General Fitness,Very Active,19.7
63,Male,188,100.2,85.8,General Fitness,Very Active,62.2
54,Female,165,67.9,62.6,Weight Loss,Very Active,13.6
69,Female,180,98.6,105.5,Muscle Gain,Sedentary,83.6
49,Male,156,62.9,44.3,Weight Loss,Moderate,60.9
41,Male,192,59.4,64.7,Muscle Gain,Very Active,55.5
25,Male,156,60.0,51.2,Weight Loss,Moderate,25.0
15,Female,154,58.2,52.5,Weight Loss,Sedentary,15.4
27,Male,170,107.9,94.2,Weight Loss,Sedentary,39.5
33,Male,155,93.6,90.1,General Fitness,Sedentary,12.9
30,Female,152,75.2,47.5,Weight Loss,Moderate,69.2
68,Female,152,55.1,42.7,Weight Loss,Sedentary,46.0
57,Male,184,86.6,75.0,Weight Loss,Sedentary,41.6
59,Male,161,97.7,77.5,Weight Loss,Sedentary,74.8
48,Male,170,71.7,78.4,Muscle Gain,Active,68.9
19,Female,165,60.7,44.4,Weight Loss,Active,32.6
22,Female,174,98.7,100.5,General Fitness,Sedentary,6.1
24,Male,189,117.9,90.4,Weight Loss,Very Active,65.0
54,Female,160,81.1,58.3,Weight Loss,Sedentary,74.7
33,Male,195,101.4,91.4,General Fitness,Moderate,38.0
59,Male,159,90.5,83.8,Weight Loss,Active,18.9
39,Female,155,64.9,44.2,Weight Loss,Very Active,50.1
29,Male,162,61.4,45.8,Weight Loss,Sedentary,43.5
25,Female,178,97.5,86.1,General Fitness,Active,40.3
65,Male,189,81.7,87.0,Muscle Gain,Very Active,75.8
21,Male,176,67.3,53.6,Weight Loss,Active,27.2
43,Female,159,87.9,80.3,Weight Loss,Very Active,19.9
20,Male,185,99.6,113.6,General Fitness,Active,42.9
33,Male,155,78.5,82.3,General Fitness,Sedentary,12.5
16,Male,183,76.0,64.4,Weight Loss,Active,23.7
25,Female,180,61.0,75.0,General Fitness,Active,47.2
47,Male,171,83.4,63.9,Weight Loss,Very Active,62.2
50,Male,169,119.8,129.9,General Fitness,Sedentary,39.8
68,Female,147,63.7,71.8,General Fitness,Active,33.0
20,Female,176,94.7,101.9,General Fitness,Sedentary,23.5
50,Female,156,76.1,69.9,Weight Loss,Moderate,17.1
38,Male,161,60.8,53.5,Weight Loss,Sedentary,22.0
38,Male,156,66.6,68.2,General Fitness,Sedentary,6.3
55,Male,172,110.6,94.8,Weight Loss,Very Active,46.5
44,Male,158,98.4,103.2,General Fitness,Sedentary,17.7
47,Female,180,67.3,63.6,General Fitness,Very Active,14.3
51,Male,158,114.4,108.7,Weight Loss,Sedentary,17.2
23,Male,172,91.7,80.4,General Fitness,Active,33.3
65,Female,151,69.7,58.4,Weight Loss,Moderate,39.7
63,Male,157,63.4,69.0,Muscle Gain,Very Active,61.6
31,Male,177,117.2,111.9,General Fitness,Sedentary,19.3
35,Female,157,85.1,89.1,Muscle Gain,Moderate,45.3
49,Female,162,73.8,65.0,General Fitness,Moderate,31.3
26,Female,174,97.7,88.0,General Fitness,Very Active,27.8
59,Male,185,113.0,103.2,General Fitness,Active,41.1
51,Female,177,67.0,52.6,Weight Loss,Moderate,47.9
35,Male,180,106.7,100.8,General Fitness,Moderate,20.5
57,Male,184,81.3,69.3,General Fitness,Very Active,49.4
70,Female,159,90.7,64.6,Weight Loss,Active,80.4
18,Male,161,81.7,88.0,Muscle Gain,Moderate,59.1
31,Female,153,50.1,36.3,Weight Loss,Sedentary,33.6
26,Male,181,68.8,74.7,Muscle Gain,Active,52.9
27,Female,168,70.3,59.7,Weight Loss,Moderate,30.1
70,Female,163,96.4,91.1,Weight Loss,Active,18.1
39,Female,160,72.8,45.5,Weight Loss,Active,69.8
22,Male,181,72.8,56.5,Weight Loss,Sedentary,41.7
43,Female,158,62.8,42.2,Weight Loss,Active,50.1
38,Female,160,92.0,96.0,Muscle Gain,Sedentary,43.8
38,Female,149,88.8,79.9,Weight Loss,Active,21.0
62,Male,167,119.8,123.2,Muscle Gain,Active,43.4
40,Male,174,113.8,104.4,Weight Loss,Active,22.5
25,Female,164,56.3,54.6,General Fitness,Very Active,5.4
15,Female,172,68.1,79.5,General Fitness,Very Active,35.4
39,Male,193,95.7,100.1,General Fitness,Sedentary,17.3
66,Female,154,88.9,101.0,General Fitness,Sedentary,63.8
61,Female,157,49.5,45.3,Weight Loss,Moderate,16.3
45,Female,155,75.7,50.8,Weight Loss,Moderate,76.2
55,Female,153,51.2,54.6,General Fitness,Moderate,12.9
24,Male,178,57.4,68.3,Muscle Gain,Active,99.6
32,Male,172,63.9,73.6,Muscle Gain,Sedentary,85.8
25,Female,160,83.8,66.4,Weight Loss,Very Active,37.7
44,Female,165,81.3,70.5,General Fitness,Active,42.8
52,Female,159,46.6,52.0,General Fitness,Moderate,22.5
39,Female,173,68.9,61.3,General Fitness,Moderate,29.3
67,Female,159,76.3,47.0,Weight Loss,Active,82.6
42,Female,145,92.0,98.9,General Fitness,Very Active,23.6
40,Female,146,94.9,89.3,General Fitness,Very Active,23.9
20,Male,187,73.9,60.4,Weight Loss,Sedentary,35.7
52,Male,173,59.0,67.9,Muscle Gain,Active,91.8
64,Female,165,70.2,74.3,General Fitness,Active,17.3
36,Female,149,54.4,68.6,General Fitness,Moderate,53.2
67,Male,169,98.2,86.0,Weight Loss,Sedentary,46.6
18,Male,190,72.0,76.5,Muscle Gain,Sedentary,35.7
24,Male,181,91.7,80.1,Weight Loss,Active,24.8
19,Female,157,82.2,62.8,Weight Loss,Active,41.6
62,Female,155,46.2,41.6,Weight Loss,Very Active,11.6
48,Male,186,67.3,60.4,Weight Loss,Very Active,19.7
37,Male,193,113.1,109.5,General Fitness,Very Active,13.3
60,Male,194,59.3,63.7,Muscle Gain,Sedentary,55.1
58,Female,146,79.7,51.9,Weight Loss,Moderate,90.1
50,Male,189,58.1,50.8,Weight Loss,Very Active,20.4
41,Male,186,102.1,79.6,Weight Loss,Moderate,73.4
34,Female,167,64.2,72.8,Muscle Gain,Very Active,84.4
47,Male,162,94.9,70.1,Weight Loss,Active,61.1
64,Female,152,50.9,46.5,Weight Loss,Active,11.1
51,Female,165,65.4,61.1,General Fitness,Moderate,18.4
27,Male,160,68.4,47.1,Weight Loss,Moderate,61.5
36,Male,156,85.2,90.6,Muscle Gain,Active,49.7
41,Female,163,75.9,66.3,Weight Loss,Sedentary,28.7
44,Female,174,58.7,62.1,General Fitness,Moderate,11.5
67,Male,185,114.7,123.6,Muscle Gain,Active,101.9
62,Male,178,88.0,79.4,Weight Loss,Moderate,27.9
38,Female,179,54.9,44.8,Weight Loss,Moderate,29.7
68,Male,193,78.3,80.5,General Fitness,Active,9.3
35,Male,180,97.7,102.8,General Fitness,Active,16.0
24,Female,160,90.4,93.5,Muscle Gain,Active,32.8
25,Female,164,93.0,63.6,Weight Loss,Active,71.2
36,Female,161,72.2,75.4,Muscle Gain,Active,29.9
63,Male,186,93.9,88.0,General Fitness,Very Active,26.2
39,Male,183,116.0,104.5,General Fitness,Active,44.1
57,Male,159,85.0,57.7,Weight Loss,Active,70.5
30,Male,172,100.6,93.7,General Fitness,Very Active,26.0
29,Male,174,55.8,67.1,Muscle Gain,Sedentary,102.2
39,Male,172,77.8,72.3,General Fitness,Sedentary,18.2
46,Male,187,77.0,71.6,Weight Loss,Very Active,15.3
42,Female,170,73.7,81.8,General Fitness,Sedentary,37.0
22,Female,165,65.1,71.9,General Fitness,Very Active,20.0
39,Male,171,81.5,84.7,Muscle Gain,Moderate,31.5
41,Male,167,67.2,57.2,Weight Loss,Active,21.9
38,Female,170,78.4,73.6,Weight Loss,Moderate,13.1
56,Male,182,113.7,98.5,Weight Loss,Moderate,48.9
52,Female,176,75.4,83.8,General Fitness,Very Active,34.3
29,Male,158,77.6,61.2,Weight Loss,Very Active,35.3
42,Male,171,63.7,66.8,Muscle Gain,Sedentary,34.9
33,Male,180,93.1,70.7,Weight Loss,Very Active,54.9
39,Male,168,118.2,94.9,Weight Loss,Very Active,64.4
30,Male,184,119.8,129.9,General Fitness,Very Active,36.2
15,Female,171,88.3,80.6,Weight Loss,Very Active,14.1
38,Female,170,79.1,87.0,Muscle Gain,Very Active,76.1
66,Female,164,93.4,67.8,Weight Loss,Sedentary,100.3
60,Female,173,61.8,72.5,General Fitness,Moderate,51.4
23,Male,169,106.2,93.5,General Fitness,Active,43.2
15,Male,170,109.3,117.9,General Fitness,Moderate,23.2
23,Female,149,75.9,72.1,General Fitness,Very Active,11.5
47,Male,160,85.3,60.8,Weight Loss,Moderate,87.6
42,Male,179,80.6,67.0,Weight Loss,Very Active,33.5
47,Female,149,80.8,86.5,Muscle Gain,Moderate,61.8
36,Female,145,55.6,70.3,General Fitness,Active,56.5
57,Male,193,73.1,58.2,General Fitness,Moderate,65.9
37,Female,157,81.6,86.4,Muscle Gain,Moderate,49.3
62,Male,176,63.2,41.6,Weight Loss,Active,60.6
40,Male,187,84.6,79.9,Weight Loss,Active,12.4
36,Male,164,73.5,47.4,Weight Loss,Very Active,65.2
47,Female,167,53.8,42.7,General Fitness,Sedentary,42.6
35,Male,162,73.0,57.4,Weight Loss,Sedentary,50.3
21,Male,191,97.6,76.9,Weight Loss,Very Active,41.4
50,Male,171,92.7,81.7,Weight Loss,Active,26.8
44,Female,175,90.9,105.7,General Fitness,Active,55.6
49,Male,189,109.9,115.7,General Fitness,Moderate,25.3
60,Male,192,110.3,121.1,General Fitness,Sedentary,43.1
47,Female,157,52.8,56.7,General Fitness,Very Active,15.5
22,Male,192,105.7,110.2,Muscle Gain,Sedentary,38.1
39,Female,151,75.9,64.1,Weight Loss,Very Active,28.3
60,Male,188,87.0,90.7,Muscle Gain,Sedentary,38.2
50,Male,190,61.5,59.6,General Fitness,Moderate,7.5
29,Male,173,105.3,113.3,General Fitness,Very Active,28.7
57,Male,175,86.9,94.8,Muscle Gain,Very Active,82.2
46,Male,185,57.2,61.8,General Fitness,Very Active,19.5
19,Male,180,71.3,80.7,General Fitness,Moderate,30.3
62,Female,160,84.5,88.4,Muscle Gain,Very Active,47.1
49,Female,152,48.2,44.9,General Fitness,Very Active,13.1
42,Male,181,63.3,53.0,Weight Loss,Moderate,30.8
58,Female,147,76.0,84.2,General Fitness,Sedentary,35.2
39,Male,162,109.1,89.7,Weight Loss,Active,49.3
17,Female,146,48.9,39.8,General Fitness,Sedentary,24.4
48,Male,187,116.0,123.4,Muscle Gain,Moderate,76.9
55,Female,164,85.1,90.1,General Fitness,Moderate,20.2
50,Male,193,73.0,76.9,General Fitness,Sedentary,15.9
48,Female,159,52.9,59.3,Muscle Gain,Sedentary,76.1
53,Male,174,110.9,107.5,Weight Loss,Active,8.8
19,Female,156,62.2,47.1,Weight Loss,Active,29.6
63,Male,163,71.0,79.6,General Fitness,Moderate,36.3
68,Male,159,113.1,125.0,General Fitness,Active,48.8
51,Male,194,108.2,100.6,General Fitness,Moderate,31.7
57,Female,157,46.2,50.9,Muscle Gain,Active,46.7
26,Female,169,86.4,82.0,General Fitness,Sedentary,14.4
67,Male,161,60.0,44.3,Weight Loss,Moderate,56.4
43,Female,173,67.3,52.1,Weight Loss,Active,31.5
60,Male,190,90.9,88.0,General Fitness,Moderate,10.4
48,Male,183,75.8,61.0,Weight Loss,Moderate,48.3
30,Male,155,68.6,71.8,Muscle Gain,Moderate,32.0
45,Female,161,83.4,85.7,General Fitness,Very Active,9.7
37,Female,156,64.5,42.1,Weight Loss,Very Active,51.7
69,Female,165,52.7,45.8,General Fitness,Moderate,33.3
21,Male,161,108.2,113.6,General Fitness,Active,15.1
46,Female,147,80.7,82.5,General Fitness,Very Active,6.5
47,Male,168,119.5,106.5,General Fitness,Moderate,43.6
55,Female,164,86.1,58.8,Weight Loss,Moderate,92.7
69,Female,158,87.8,69.2,Weight Loss,Moderate,69.8
23,Male,172,105.0,115.7,Muscle Gain,Active,97.0
70,Female,166,84.7,58.7,Weight Loss,Active,72.0
52,Female,174,97.7,87.9,Weight Loss,Very Active,29.1
28,Female,175,46.4,57.0,General Fitness,Moderate,35.3
63,Female,156,67.7,72.3,Muscle Gain,Very Active,52.8
26,Male,191,116.8,111.4,Weight Loss,Moderate,16.9
23,Male,187,104.0,105.0,General Fitness,Moderate,3.0
20,Male,171,104.8,108.7,Muscle Gain,Moderate,34.1
56,Male,163,61.0,66.5,Muscle Gain,Very Active,51.6
26,Female,179,67.4,49.9,Weight Loss,Very Active,40.7
51,Male,165,110.3,92.6,Weight Loss,Sedentary,56.0
40,Male,184,115.6,125.9,General Fitness,Active,36.5
27,Male,170,56.1,38.1,Weight Loss,Very Active,37.3
30,Male,168,100.6,93.9,General Fitness,Sedentary,24.8
33,Female,150,79.7,72.6,General Fitness,Very Active,25.2
69,Female,147,57.6,55.3,General Fitness,Moderate,11.5
38,Male,175,74.9,69.8,General Fitness,Active,16.8
24,Female,155,94.2,103.2,Muscle Gain,Very Active,67.6
47,Male,174,89.3,91.4,General Fitness,Sedentary,7.8
62,Female,148,55.0,48.5,General Fitness,Sedentary,28.4
67,Female,169,94.0,87.4,Weight Loss,Sedentary,24.5
16,Female,171,66.4,77.8,Muscle Gain,Sedentary,86.0
70,Female,159,91.7,97.2,Muscle Gain,Very Active,73.0
18,Male,166,114.2,121.9,Muscle Gain,Active,67.9
37,Male,172,103.3,90.4,General Fitness,Moderate,49.9
56,Female,145,82.8,59.4,Weight Loss,Sedentary,68.1
30,Female,146,99.5,79.3,Weight Loss,Moderate,59.2
43,Male,161,71.4,80.2,Muscle Gain,Very Active,83.5
64,Male,162,87.5,89.6,General Fitness,Moderate,8.9
25,Male,155,108.3,114.4,Muscle Gain,Moderate,56.3
69,Female,173,93.0,75.2,Weight Loss,Sedentary,66.2
53,Male,182,65.8,36.7,Weight Loss,Very Active,68.8
62,Female,159,99.3,92.6,Weight Loss,Very Active,20.9
30,Male,158,71.1,42.1,Weight Loss,Active,65.3
47,Male,173,74.2,50.7,Weight Loss,Moderate,72.8
62,Female,178,46.1,37.0,Weight Loss,Active,24.4
55,Male,171,108.4,113.4,General Fitness,Very Active,22.1
47,Male,175,107.8,95.8,Weight Loss,Sedentary,36.6
57,Male,161,76.7,80.2,Muscle Gain,Very Active,42.4
28,Female,174,71.9,66.1,Weight Loss,Moderate,15.8
45,Male,162,86.5,82.0,General Fitness,Sedentary,16.6
37,Male,180,89.3,62.3,Weight Loss,Active,59.0
36,Female,176,86.5,94.2,General Fitness,Very Active,28.0
15,Female,173,52.4,62.1,Muscle Gain,Very Active,74.0
48,Male,193,68.7,48.4,Weight Loss,Very Active,52.5
15,Female,164,56.9,47.2,Weight Loss,Active,19.4
16,Female,153,66.8,42.9,Weight Loss,Very Active,51.4
28,Female,151,68.5,61.9,General Fitness,Sedentary,22.5
31,Female,180,48.7,57.5,Muscle Gain,Moderate,79.3
30,Male,193,78.8,55.8,Weight Loss,Active,49.7
27,Female,156,78.0,59.9,Weight Loss,Active,38.5
60,Female,146,50.1,40.2,Weight Loss,Active,28.1
44,Female,166,60.0,67.9,General Fitness,Active,29.5
63,Female,147,76.7,62.4,Weight Loss,Active,43.3
38,Male,179,118.5,124.2,General Fitness,Active,19.9
21,Female,147,81.5,57.6,Weight Loss,Very Active,50.7
45,Female,158,95.0,81.2,Weight Loss,Active,38.6
33,Male,162,100.9,84.5,Weight Loss,Sedentary,49.3
57,Male,184,107.1,85.8,Weight Loss,Very Active,56.0
39,Female,165,72.8,76.3,General Fitness,Sedentary,12.3
43,Female,152,96.7,103.1,General Fitness,Very Active,23.3
50,Male,164,109.7,100.5,General Fitness,Sedentary,39.0
16,Male,195,89.4,91.8,General Fitness,Very Active,6.6
28,Male,162,89.4,98.7,Muscle Gain,Very Active,89.5
32,Female,164,45.1,49.1,Muscle Gain,Sedentary,37.4
38,Female,171,47.5,38.1,Weight Loss,Very Active,23.0
34,Male,157,83.9,54.1,Weight Loss,Very Active,79.9
48,Female,155,54.7,36.5,Weight Loss,Very Active,43.2
24,Female,174,95.8,107.2,General Fitness,Active,40.6
70,Female,168,51.3,64.2,General Fitness,Moderate,65.0
68,Female,180,83.6,69.4,General Fitness,Very Active,62.2
68,Female,165,55.3,36.5,Weight Loss,Sedentary,63.7
27,Male,180,55.1,65.0,General Fitness,Active,33.4
31,Female,148,98.0,90.7,Weight Loss,Sedentary,22.1
33,Female,152,56.1,50.4,Weight Loss,Sedentary,18.1
43,Female,174,50.6,36.0,Weight Loss,Moderate,38.7
59,Male,173,68.7,60.0,General Fitness,Sedentary,36.8
44,Female,170,52.5,65.6,General Fitness,Very Active,51.5
34,Male,170,116.8,103.1,Weight Loss,Active,33.0
35,Male,187,75.1,82.0,General Fitness,Sedentary,24.2
18,Male,173,80.0,90.9,Muscle Gain,Very Active,95.3
58,Male,168,83.3,82.0,General Fitness,Sedentary,6.1
17,Female,156,66.6,68.5,General Fitness,Active,6.1
29,Male,160,111.2,108.0,General Fitness,Very Active,10.7
42,Female,170,98.4,106.3,Muscle Gain,Very Active,79.0
62,Male,195,66.6,72.3,Muscle Gain,Moderate,66.8
51,Male,172,69.4,65.3,General Fitness,Very Active,18.7
50,Female,145,65.1,38.1,Weight Loss,Very Active,70.2
36,Male,183,69.6,72.2,General Fitness,Sedentary,9.4
33,Female,167,63.3,69.5,General Fitness,Very Active,21.1
66,Female,162,60.9,58.1,General Fitness,Very Active,12.8
56,Female,156,96.3,101.8,General Fitness,Very Active,23.0
35,Male,182,56.6,66.1,Muscle Gain,Moderate,94.3
19,Female,157,71.1,79.4,General Fitness,Active,27.9
44,Male,167,72.4,46.0,Weight Loss,Moderate,84.5
57,Female,149,79.3,71.4,General Fitness,Sedentary,34.2
41,Male,160,80.8,59.4,Weight Loss,Active,50.1
59,Male,182,105.1,112.3,Muscle Gain,Moderate,81.4
64,Male,183,57.5,36.2,Weight Loss,Active,59.5
32,Male,188,99.9,92.4,Weight Loss,Sedentary,23.6
17,Female,180,78.1,49.0,Weight Loss,Active,58.1
64,Female,164,75.5,51.9,Weight Loss,Very Active,79.5
47,Male,162,86.7,58.7,Weight Loss,Very Active,74.9
48,Male,156,76.0,58.4,Weight Loss,Sedentary,51.5
49,Male,162,72.4,78.7,Muscle Gain,Sedentary,68.1
36,Female,147,75.4,64.0,General Fitness,Sedentary,39.2
21,Male,170,120.0,122.4,General Fitness,Moderate,8.7
68,Female,172,87.7,93.2,Muscle Gain,Very Active,70.7
51,Male,188,111.2,97.5,Weight Loss,Active,36.9
67,Male,172,95.4,70.2,Weight Loss,Very Active,65.9
53,Female,149,91.6,85.2,General Fitness,Active,25.1
20,Male,171,103.4,90.4,Weight Loss,Moderate,36.6
33,Male,191,95.5,69.6,Weight Loss,Sedentary,60.4
33,Female,151,66.9,54.4,Weight Loss,Very Active,28.7
27,Female,153,87.3,61.4,Weight Loss,Active,57.2
32,Male,190,114.6,124.2,Muscle Gain,Moderate,93.9
21,Male,168,98.5,80.2,Weight Loss,Very Active,41.2
69,Male,187,68.0,63.6,General Fitness,Active,20.2
51,Female,179,96.0,93.3,General Fitness,Active,9.6
38,Male,179,94.9,100.9,Muscle Gain,Very Active,63.2
42,Female,155,52.6,38.4,Weight Loss,Very Active,37.3
45,Male,176,70.0,60.1,Weight Loss,Moderate,28.4
36,Male,195,119.4,106.7,General Fitness,Active,40.5
20,Male,184,87.3,66.0,Weight Loss,Sedentary,52.9
57,Male,191,73.6,81.0,General Fitness,Very Active,32.8
26,Male,170,102.8,105.5,General Fitness,Moderate,8.5
33,Male,155,90.8,74.0,Weight Loss,Sedentary,49.2
69,Male,190,66.3,65.1,General Fitness,Very Active,5.3
65,Female,167,80.4,86.6,Muscle Gain,Very Active,74.4
35,Female,158,77.5,49.1,Weight Loss,Moderate,93.1
23,Male,178,112.5,96.2,Weight Loss,Active,33.2
44,Female,161,64.9,43.7,Weight Loss,Very Active,59.4
57,Male,188,89.2,76.9,Weight Loss,Sedentary,43.2
48,Male,174,83.1,79.2,Weight Loss,Active,10.0
52,Female,170,84.1,66.7,Weight Loss,Moderate,69.8
63,Female,163,70.4,43.1,Weight Loss,Sedentary,89.6
43,Male,185,58.6,68.1,Muscle Gain,Active,96.8
48,Male,176,70.7,60.7,General Fitness,Moderate,35.6
41,Female,173,80.5,72.1,General Fitness,Active,35.9
62,Female,150,93.0,66.5,Weight Loss,Very Active,85.7
64,Female,165,98.8,89.6,General Fitness,Active,44.2
62,Male,183,66.2,80.5,General Fitness,Active,60.8
44,Male,168,87.1,68.7,Weight Loss,Active,45.3
58,Female,174,76.4,65.5,General Fitness,Very Active,53.4
50,Male,162,56.5,52.7,Weight Loss,Sedentary,13.0
57,Female,171,77.8,64.1,Weight Loss,Very Active,36.4
46,Female,165,77.2,71.3,Weight Loss,Active,16.8
43,Male,161,96.1,84.1,General Fitness,Very Active,42.2
55,Male,177,88.5,72.4,Weight Loss,Active,45.3
42,Female,167,83.7,86.5,General Fitness,Very Active,11.1
22,Male,184,63.1,47.6,Weight Loss,Active,33.1
56,Female,158,92.6,82.7,Weight Loss,Moderate,30.0
49,Male,185,76.0,82.5,Muscle Gain,Active,70.9
60,Male,192,83.4,77.9,Weight Loss,Active,16.4
28,Male,164,77.6,81.4,General Fitness,Sedentary,13.7
61,Female,145,71.1,53.0,Weight Loss,Active,54.1
57,Male,186,66.4,77.0,General Fitness,Sedentary,45.3
20,Male,171,94.6,74.3,Weight Loss,Very Active,42.9
57,Male,170,62.0,53.0,General Fitness,Very Active,36.1
19,Male,195,94.3,100.0,General Fitness,Active,17.5
56,Male,180,68.1,61.2,Weight Loss,Sedentary,21.8
58,Male,159,80.3,75.8,Weight Loss,Active,10.6
70,Female,164,91.2,83.2,General Fitness,Sedentary,34.3
63,Male,167,111.8,122.4,General Fitness,Active,46.8
38,Male,165,86.4,76.6,General Fitness,Very Active,32.2
43,Female,174,70.8,72.7,General Fitness,Very Active,7.3
45,Female,150,99.2,109.9,General Fitness,Sedentary,47.7
57,Female,153,76.6,67.7,Weight Loss,Sedentary,34.8
40,Male,187,92.2,76.5,Weight Loss,Moderate,49.9
46,Female,175,49.6,42.9,Weight Loss,Active,16.2
26,Male,195,97.0,98.9,General Fitness,Active,6.1
42,Female,168,63.5,44.3,Weight Loss,Very Active,37.5
38,Male,163,99.9,88.2,Weight Loss,Active,31.1
70,Female,172,55.7,43.7,General Fitness,Sedentary,61.1
53,Male,169,106.8,100.8,General Fitness,Moderate,23.4
21,Female,168,84.9,88.6,General Fitness,Very Active,11.7
21,Male,155,115.0,117.7,General Fitness,Moderate,9.5
49,Male,185,75.5,86.9,General Fitness,Sedentary,39.0
49,Male,162,97.3,91.8,General Fitness,Active,22.6
46,Male,193,87.0,57.9,Weight Loss,Very Active,73.1
68,Female,169,88.2,96.2,Muscle Gain,Moderate,102.2
29,Female,164,89.9,74.9,Weight Loss,Moderate,41.9
54,Female,149,64.0,56.1,Weight Loss,Sedentary,26.5
22,Male,193,73.8,82.2,Muscle Gain,Moderate,81.0
23,Male,181,56.7,67.8,Muscle Gain,Very Active,103.5
32,Female,167,97.2,81.1,Weight Loss,Sedentary,47.6
53,Female,180,50.1,61.6,General Fitness,Sedentary,45.5
66,Female,164,72.8,82.1,General Fitness,Very Active,41.3
45,Female,161,71.3,55.2,Weight Loss,Active,44.5
20,Male,164,69.4,77.1,Muscle Gain,Moderate,68.3
36,Male,178,87.0,73.8,General Fitness,Very Active,38.1
67,Male,193,57.6,45.7,General Fitness,Moderate,52.3
35,Female,163,64.3,61.7,General Fitness,Sedentary,9.1
35,Female,179,46.1,39.6,General Fitness,Very Active,20.1
53,Male,180,114.6,123.0,General Fitness,Sedentary,31.7
47,Female,180,53.0,63.8,General Fitness,Very Active,44.0
70,Male,182,110.0,116.8,General Fitness,Moderate,30.6
36,Female,145,88.5,100.1,General Fitness,Active,43.2
43,Female,153,78.0,83.7,Muscle Gain,Sedentary,64.3
16,Male,183,94.8,83.9,General Fitness,Sedentary,31.5
43,Female,178,53.7,61.6,Muscle Gain,Moderate,85.3
54,Male,174,98.6,75.7,Weight Loss,Active,58.4
19,Female,174,69.3,75.8,Muscle Gain,Sedentary,60.6
66,Female,165,75.4,53.0,Weight Loss,Active,66.2
47,Female,177,61.7,69.6,General Fitness,Sedentary,31.7
38,Male,167,103.2,108.9,General Fitness,Sedentary,19.7
70,Male,194,116.5,120.1,Muscle Gain,Moderate,47.4
37,Female,150,88.9,101.8,General Fitness,Sedentary,55.0
19,Female,153,74.4,82.8,Muscle Gain,Moderate,67.4
65,Male,156,108.8,112.4,General Fitness,Very Active,15.4
29,Male,185,61.7,68.8,Muscle Gain,Sedentary,71.4
51,Female,147,90.6,82.2,General Fitness,Moderate,32.3
25,Male,167,89.8,100.0,Muscle Gain,Very Active,103.7
45,Female,175,65.4,37.2,Weight Loss,Very Active,76.3
45,Female,153,64.5,63.3,General Fitness,Very Active,4.4
16,Male,195,90.1,98.5,Muscle Gain,Sedentary,80.4
24,Female,158,63.8,71.9,General Fitness,Very Active,29.9
17,Female,178,46.2,41.2,General Fitness,Moderate,16.8
22,Female,170,65.8,57.5,General Fitness,Moderate,27.2
20,Female,166,79.9,89.7,General Fitness,Sedentary,31.0
16,Male,172,83.6,62.9,Weight Loss,Active,46.1
70,Male,174,76.8,65.7,Weight Loss,Sedentary,38.6
16,Male,180,111.8,93.4,Weight Loss,Very Active,35.1
34,Male,193,106.3,116.0,General Fitness,Very Active,37.5
62,Female,177,97.0,83.1,General Fitness,Active,59.8
40,Female,163,71.8,45.3,Weight Loss,Moderate,90.6
64,Female,177,95.4,100.1,Muscle Gain,Active,53.5
30,Male,177,59.2,70.9,General Fitness,Moderate,40.4
68,Female,165,50.7,53.9,Muscle Gain,Moderate,37.9
18,Female,177,97.0,88.3,Weight Loss,Very Active,16.0
40,Female,171,97.8,70.2,Weight Loss,Sedentary,89.7
29,Male,195,90.5,77.2,Weight Loss,Sedentary,39.9
50,Male,161,78.7,81.1,General Fitness,Moderate,8.3
39,Female,154,65.3,72.2,Muscle Gain,Very Active,77.8
29,Female,159,49.9,37.8,Weight Loss,Very Active,33.7
43,Male,160,113.3,122.0,Muscle Gain,Active,81.6
38,Female,156,68.7,76.5,Muscle Gain,Sedentary,79.1
53,Female,171,85.6,90.6,General Fitness,Moderate,20.7
68,Female,159,96.3,71.2,Weight Loss,Sedentary,102.8
34,Female,172,59.4,71.1,General Fitness,Sedentary,38.6
59,Male,162,67.4,59.2,Weight Loss,Very Active,22.3
36,Male,179,60.6,67.0,Muscle Gain,Active,58.7
68,Female,150,56.4,51.8,General Fitness,Moderate,20.7
64,Male,164,111.3,117.0,General Fitness,Active,21.9
47,Female,162,80.6,72.2,General Fitness,Sedentary,36.2
45,Male,159,64.8,71.0,Muscle Gain,Moderate,63.3
57,Female,158,71.9,43.6,Weight Loss,Moderate,87.8
45,Male,165,84.3,74.7,Weight Loss,Very Active,24.2
43,Female,172,69.1,54.4,Weight Loss,Very Active,37.2
52,Female,163,86.9,95.4,General Fitness,Sedentary,29.6
46,Male,177,96.4,80.0,Weight Loss,Very Active,38.6
43,Female,177,56.5,52.9,General Fitness,Very Active,14.3
21,Male,175,106.7,85.8,Weight Loss,Moderate,55.2
21,Male,180,81.2,72.6,General Fitness,Sedentary,29.1
23,Male,189,58.8,52.6,Weight Loss,Very Active,13.4
27,Male,159,62.2,57.3,General Fitness,Active,16.3
38,Female,176,58.5,70.8,General Fitness,Sedentary,45.5
64,Male,182,55.8,41.5,Weight Loss,Very Active,39.3
37,Male,158,73.8,69.8,Weight Loss,Very Active,9.4
21,Male,195,105.8,76.0,Weight Loss,Active,68.4
48,Male,173,57.2,45.5,Weight Loss,Sedentary,35.7
56,Female,146,66.7,55.8,General Fitness,Very Active,52.2
56,Male,177,67.0,81.4,General Fitness,Very Active,60.3
49,Female,158,68.0,72.6,Muscle Gain,Sedentary,46.1
22,Female,163,47.3,61.7,General Fitness,Moderate,50.1
20,Male,172,104.0,85.4,Weight Loss,Very Active,40.5
53,Male,164,56.7,58.4,General Fitness,Sedentary,7.2
25,Male,184,69.8,63.6,Weight Loss,Moderate,16.7
53,Female,158,54.5,36.0,Weight Loss,Moderate,65.0
46,Male,178,74.0,84.0,General Fitness,Active,37.6
63,Male,182,69.1,62.3,General Fitness,Active,27.7
55,Female,168,80.7,88.5,Muscle Gain,Active,84.4
49,Female,176,64.8,66.0,General Fitness,Moderate,4.6
65,Male,169,104.8,89.9,General Fitness,Sedentary,59.2
30,Female,152,89.3,76.2,Weight Loss,Moderate,30.8
31,Female,146,51.4,53.6,General Fitness,Very Active,7.5
28,Male,175,67.1,41.2,Weight Loss,Moderate,73.7
21,Male,173,58.4,40.6,Weight Loss,Very Active,37.5
15,Male,159,85.9,64.2,Weight Loss,Sedentary,55.1
35,Male,184,114.9,119.4,General Fitness,Active,17.5
16,Male,190,59.8,46.3,General Fitness,Active,41.1
64,Male,183,106.9,113.9,Muscle Gain,Very Active,80.3
29,Female,168,77.9,72.6,Weight Loss,Very Active,11.8
66,Male,188,105.9,92.7,Weight Loss,Moderate,50.4
41,Male,175,103.3,99.7,Weight Loss,Very Active,9.9
27,Female,168,93.6,100.8,General Fitness,Moderate,23.2
52,Male,157,78.9,81.1,General Fitness,Active,9.0
60,Male,186,111.1,91.3,Weight Loss,Moderate,71.6
25,Female,170,99.2,104.6,General Fitness,Active,16.6
21,Male,185,118.1,126.5,Muscle Gain,Moderate,74.7
31,Male,165,102.0,95.9,Weight Loss,Sedentary,15.5
38,Female,164,98.1,90.9,General Fitness,Active,22.7
58,Female,171,67.1,55.4,Weight Loss,Sedentary,39.4
49,Female,167,71.2,58.8,General Fitness,Sedentary,50.1
56,Female,150,96.3,82.4,Weight Loss,Sedentary,47.6
43,Male,168,89.6,63.5,Weight Loss,Moderate,81.8
16,Male,170,117.7,128.7,Muscle Gain,Moderate,84.3
69,Female,163,49.1,56.0,General Fitness,Moderate,30.6
34,Male,159,109.4,116.7,Muscle Gain,Moderate,65.8
57,Female,170,96.8,102.3,Muscle Gain,Active,66.2
68,Male,158,96.9,69.7,Weight Loss,Moderate,97.9
65,Female,150,68.3,51.5,Weight Loss,Sedentary,58.5
59,Male,182,80.4,73.4,Weight Loss,Active,20.9
52,Male,175,55.6,59.2,Muscle Gain,Active,41.8
21,Female,151,83.0,79.0,General Fitness,Active,11.9
56,Male,182,103.3,91.2,General Fitness,Active,44.7
21,Male,175,96.2,67.1,Weight Loss,Active,65.1
68,Female,176,58.2,65.7,Muscle Gain,Active,91.8
47,Male,178,65.2,50.9,General Fitness,Very Active,48.8
66,Male,175,58.2,43.4,General Fitness,Very Active,75.4
62,Female,152,73.5,53.7,Weight Loss,Sedentary,69.6
62,Female,167,54.3,57.7,Muscle Gain,Sedentary,42.6
45,Female,154,72.6,55.3,Weight Loss,Active,41.2
39,Female,170,72.8,66.2,General Fitness,Moderate,25.1
26,Female,176,73.2,46.1,Weight Loss,Very Active,62.3
40,Male,187,106.9,104.7,General Fitness,Sedentary,8.0
44,Male,192,76.6,73.6,General Fitness,Sedentary,11.5
20,Male,166,76.4,60.3,Weight Loss,Moderate,44.9
67,Male,168,88.7,97.5,Muscle Gain,Sedentary,97.1
26,Female,174,83.5,54.6,Weight Loss,Very Active,60.6
32,Female,156,72.3,50.2,Weight Loss,Moderate,66.5
35,Male,186,70.1,53.9,Weight Loss,Moderate,56.2
58,Female,164,84.7,81.4,Weight Loss,Sedentary,11.3
43,Female,160,94.3,84.3,Weight Loss,Sedentary,32.9
19,Female,163,52.9,54.6,General Fitness,Very Active,5.3
29,Male,155,111.1,120.1,General Fitness,Active,35.8
40,Female,163,81.9,88.0,Muscle Gain,Moderate,53.9
23,Male,192,64.7,71.8,Muscle Gain,Sedentary,55.7
30,Male,168,58.3,54.5,Weight Loss,Sedentary,8.7
63,Female,147,54.8,44.8,Weight Loss,Active,29.4
60,Female,151,54.4,51.4,General Fitness,Active,12.9
17,Male,190,86.5,76.8,Weight Loss,Moderate,24.4
18,Female,164,56.4,43.8,General Fitness,Very Active,39.3
22,Male,169,116.7,121.6,Muscle Gain,Moderate,42.9
56,Male,158,88.5,68.8,Weight Loss,Very Active,56.3
38,Male,161,95.6,99.9,Muscle Gain,Sedentary,41.3
32,Female,179,75.8,64.0,General Fitness,Active,42.5
55,Male,172,119.0,104.2,Weight Loss,Very Active,39.6
21,Male,169,106.5,113.7,General Fitness,Sedentary,22.5
34,Female,168,62.2,65.7,Muscle Gain,Moderate,39.4
35,Female,159,95.5,83.8,Weight Loss,Sedentary,38.0
50,Male,161,98.4,74.4,Weight Loss,Active,64.1
51,Male,169,88.6,83.1,General Fitness,Moderate,18.1
29,Female,174,48.9,55.1,General Fitness,Active,25.9
28,Male,157,84.0,87.3,Muscle Gain,Moderate,30.4
29,Male,186,87.0,91.3,Muscle Gain,Sedentary,37.9
46,Female,158,46.5,40.9,Weight Loss,Moderate,14.5
33,Male,178,88.6,84.4,Weight Loss,Sedentary,13.0
26,Male,172,84.2,62.5,Weight Loss,Very Active,45.0
50,Male,172,115.6,122.7,Muscle Gain,Very Active,79.2
39,Male,183,95.6,100.6,Muscle Gain,Moderate,49.9
49,Male,171,73.0,80.1,General Fitness,Very Active,28.8
31,Male,173,119.7,121.2,General Fitness,Very Active,4.8
20,Female,168,95.8,74.8,Weight Loss,Active,48.6
37,Male,195,90.0,99.6,Muscle Gain,Sedentary,95.6
68,Female,161,88.1,77.8,Weight Loss,Sedentary,38.2
48,Female,161,45.3,49.1,Muscle Gain,Active,41.8
16,Male,173,101.4,108.7,Muscle Gain,Sedentary,68.9
39,Female,178,88.6,96.6,Muscle Gain,Very Active,80.0
42,Male,163,75.6,85.8,Muscle Gain,Very Active,96.8
59,Male,185,94.2,71.3,Weight Loss,Sedentary,85.4
25,Male,161,106.5,100.1,General Fitness,Sedentary,21.6
38,Female,166,78.1,66.8,Weight Loss,Sedentary,33.2
43,Male,159,105.4,112.8,Muscle Gain,Sedentary,65.8
45,Female,175,92.1,106.7,General Fitness,Active,63.0
59,Male,169,105.5,98.3,Weight Loss,Sedentary,22.7
40,Male,185,58.8,46.0,Weight Loss,Very Active,30.0
47,Female,161,95.6,85.1,Weight Loss,Very Active,27.9
20,Female,179,57.5,49.4,General Fitness,Active,22.8
55,Male,163,72.7,49.6,Weight Loss,Very Active,52.3
68,Male,174,118.1,131.8,General Fitness,Active,58.7
39,Male,176,110.3,84.0,Weight Loss,Active,79.4
65,Female,154,80.4,88.3,Muscle Gain,Moderate,88.0
56,Female,175,86.4,94.1,General Fitness,Sedentary,29.7
28,Female,173,74.2,82.7,Muscle Gain,Very Active,76.2
22,Female,151,92.0,76.7,Weight Loss,Active,33.5
34,Female,173,68.9,53.5,Weight Loss,Very Active,35.0
63,Female,148,83.1,81.0,General Fitness,Very Active,9.6
42,Male,192,87.3,59.2,Weight Loss,Very Active,62.5
41,Male,183,75.7,78.3,General Fitness,Active,8.4
65,Female,171,71.7,82.0,General Fitness,Moderate,37.3
33,Male,171,95.2,98.8,Muscle Gain,Active,33.3
39,Female,171,56.6,69.2,General Fitness,Very Active,45.5
16,Male,191,113.4,84.7,Weight Loss,Active,50.2
25,Male,185,115.4,107.8,General Fitness,Very Active,24.2
65,Female,156,87.8,94.9,General Fitness,Sedentary,29.6
56,Female,163,55.8,49.8,General Fitness,Moderate,23.6
66,Female,151,68.8,72.9,General Fitness,Very Active,17.2
23,Female,162,72.0,78.9,General Fitness,Active,21.9
39,Male,167,116.4,123.4,General Fitness,Sedentary,24.6
66,Male,166,77.3,73.8,General Fitness,Very Active,15.8
28,Female,148,71.3,69.7,General Fitness,Moderate,5.1
67,Male,192,56.2,47.6,Weight Loss,Active,27.8
21,Female,180,45.2,56.0,General Fitness,Active,30.3
51,Male,174,82.3,72.2,Weight Loss,Moderate,34.6
49,Male,164,91.0,61.2,Weight Loss,Sedentary,91.3
67,Male,169,91.6,64.1,Weight Loss,Moderate,81.6
42,Male,182,97.0,104.3,Muscle Gain,Very Active,84.5
67,Male,167,91.2,95.1,General Fitness,Active,18.3
25,Female,178,72.5,78.9,General Fitness,Active,18.8
55,Female,180,79.6,67.8,Weight Loss,Active,28.4
70,Male,183,85.9,79.2,Weight Loss,Moderate,28.4
58,Female,177,58.5,66.0,General Fitness,Active,25.9
52,Female,160,85.4,98.7,General Fitness,Very Active,52.4
43,Male,165,87.9,71.9,Weight Loss,Very Active,39.5
54,Female,150,47.9,49.2,General Fitness,Very Active,5.6
70,Male,194,117.2,110.9,General Fitness,Very Active,25.4
23,Female,162,58.7,37.1,Weight Loss,Sedentary,51.3
42,Female,168,69.1,41.2,Weight Loss,Moderate,90.3
29,Female,167,62.5,60.4,General Fitness,Very Active,7.8
57,Female,150,46.7,40.6,Weight Loss,Sedentary,18.4
38,Female,170,69.4,65.2,General Fitness,Active,16.8
26,Female,151,83.8,61.9,Weight Loss,Sedentary,60.4
28,Female,160,90.9,74.9,Weight Loss,Very Active,28.8
21,Male,173,91.8,77.6,Weight Loss,Sedentary,37.3
70,Male,165,116.7,127.2,General Fitness,Moderate,51.6
19,Male,168,89.1,77.1,Weight Loss,Very Active,23.3
49,Female,147,90.9,65.5,Weight Loss,Active,65.7
65,Male,157,117.2,105.0,Weight Loss,Sedentary,34.0
19,Male,162,92.2,100.8,Muscle Gain,Moderate,85.1
45,Female,170,78.0,69.9,Weight Loss,Moderate,24.0
39,Female,154,62.4,68.3,General Fitness,Active,21.7
40,Male,171,104.2,90.8,Weight Loss,Active,36.3
63,Female,152,87.9,99.5,General Fitness,Very Active,52.1
46,Female,176,51.0,44.9,Weight Loss,Moderate,19.2
38,Male,190,56.4,60.7,Muscle Gain,Sedentary,40.4
37,Female,176,47.3,50.7,General Fitness,Active,13.2
31,Female,162,85.4,90.0,Muscle Gain,Sedentary,37.6
48,Female,179,48.3,42.4,General Fitness,Sedentary,21.2
54,Male,183,57.8,63.2,Muscle Gain,Active,61.8
62,Female,151,82.6,90.9,Muscle Gain,Very Active,84.8
37,Male,162,101.2,83.7,Weight Loss,Very Active,44.5
45,Male,190,71.3,54.6,Weight Loss,Very Active,43.2
34,Male,192,111.2,101.2,Weight Loss,Moderate,27.2
22,Male,178,65.3,79.6,General Fitness,Moderate,43.6
27,Female,172,97.5,105.0,General Fitness,Moderate,25.6
25,Male,157,77.4,86.6,General Fitness,Sedentary,25.0
55,Female,170,77.5,64.6,General Fitness,Very Active,60.5
36,Male,180,106.8,102.2,Weight Loss,Moderate,14.2
62,Male,180,101.7,94.3,General Fitness,Sedentary,35.2
70,Female,157,66.2,51.4,General Fitness,Very Active,60.0
47,Female,176,55.3,48.4,Weight Loss,Very Active,19.0
26,Male,175,111.8,105.8,General Fitness,Moderate,20.2
16,Female,173,75.8,61.8,General Fitness,Active,38.0
55,Female,163,94.1,70.7,Weight Loss,Moderate,82.9
42,Male,179,76.0,81.1,General Fitness,Sedentary,20.6
16,Male,155,73.0,74.9,General Fitness,Moderate,5.6
62,Male,190,108.4,110.2,General Fitness,Active,6.7
56,Male,188,92.5,85.2,Weight Loss,Very Active,17.6
38,Female,152,99.9,103.0,Muscle Gain,Active,31.7
26,Male,186,75.0,68.6,General Fitness,Active,22.9
25,Female,167,62.3,54.3,Weight Loss,Very Active,18.3
49,Female,168,49.0,36.2,General Fitness,Moderate,54.4
25,Male,171,85.4,79.9,Weight Loss,Active,12.0
58,Female,167,45.7,39.6,General Fitness,Very Active,26.9
20,Male,187,56.6,68.1,General Fitness,Active,35.5
60,Male,155,87.0,66.9,Weight Loss,Sedentary,82.4
45,Male,181,100.5,93.6,Weight Loss,Moderate,25.7
43,Female,159,73.1,60.4,General Fitness,Active,48.6
58,Male,178,66.6,62.7,General Fitness,Moderate,14.6
41,Female,157,67.6,63.4,Weight Loss,Active,11.6
68,Male,162,68.2,59.7,Weight Loss,Active,25.4
23,Female,165,74.4,62.0,General Fitness,Sedentary,43.4
70,Female,157,68.7,75.2,Muscle Gain,Active,89.0
39,Female,159,88.4,60.3,Weight Loss,Active,74.1
54,Male,190,92.6,79.3,General Fitness,Very Active,54.6
23,Male,167,55.5,52.3,General Fitness,Sedentary,11.1
21,Male,191,80.1,56.4,Weight Loss,Moderate,52.2
46,Female,146,59.2,55.5,Weight Loss,Moderate,12.3
39,Female,172,73.3,57.7,Weight Loss,Very Active,36.2
39,Female,147,85.6,93.1,General Fitness,Moderate,31.5
41,Female,177,46.6,53.1,Muscle Gain,Moderate,70.6
69,Male,157,91.7,87.9,Weight Loss,Moderate,14.7
23,Male,161,55.2,63.3,General Fitness,Very Active,30.0
15,Female,145,65.8,79.2,General Fitness,Very Active,42.4
52,Male,158,75.3,48.9,Weight Loss,Very Active,79.6
39,Female,165,72.7,69.1,Weight Loss,Active,8.4
53,Male,163,65.2,70.2,General Fitness,Very Active,19.1
22,Female,147,75.7,58.4,Weight Loss,Moderate,46.6
54,Female,179,95.3,101.1,General Fitness,Sedentary,24.6
50,Female,147,96.9,109.1,General Fitness,Very Active,47.3
41,Male,175,90.0,62.2,Weight Loss,Active,72.0
39,Female,148,55.1,51.1,General Fitness,Moderate,15.2
62,Female,171,61.4,66.9,General Fitness,Very Active,21.9
48,Female,176,84.9,81.7,Weight Loss,Sedentary,10.9
41,Female,178,74.0,70.4,Weight Loss,Moderate,11.3
46,Male,189,116.8,121.5,Muscle Gain,Active,55.0
33,Female,155,98.5,92.3,Weight Loss,Sedentary,16.4
39,Female,153,59.9,69.2,General Fitness,Active,35.8
68,Female,152,72.3,54.6,Weight Loss,Moderate,59.3
37,Female,175,67.5,60.9,Weight Loss,Sedentary,18.1
48,Female,162,84.3,70.5,Weight Loss,Very Active,34.1
43,Male,183,74.1,44.9,Weight Loss,Active,68.0
47,Male,175,109.8,97.5,Weight Loss,Very Active,30.4
57,Male,174,64.7,73.4,Muscle Gain,Active,98.4
26,Female,156,76.5,80.4,Muscle Gain,Very Active,38.4
60,Female,171,71.0,60.7,Weight Loss,Moderate,35.3
21,Female,165,99.4,94.8,General Fitness,Sedentary,13.0
66,Male,167,109.2,119.5,General Fitness,Moderate,42.5
56,Male,171,82.5,66.0,Weight Loss,Active,45.1
42,Female,150,48.3,35.6,Weight Loss,Very Active,32.9
24,Male,182,81.8,86.8,General Fitness,Sedentary,17.2
19,Male,173,94.3,92.8,General Fitness,Very Active,4.4
42,Male,180,78.1,57.1,Weight Loss,Sedentary,77.0
34,Female,160,47.1,51.7,Muscle Gain,Active,45.9
26,Male,163,77.1,55.9,Weight Loss,Active,50.6
18,Female,176,87.6,83.8,General Fitness,Moderate,12.2
67,Female,170,76.3,81.1,Muscle Gain,Active,60.7
63,Female,149,92.5,67.5,Weight Loss,Very Active,86.0
15,Male,195,64.5,60.6,Weight Loss,Active,7.7
68,Female,164,87.0,72.8,Weight Loss,Active,42.4
18,Male,175,118.3,126.1,Muscle Gain,Active,73.3
20,Female,150,99.8,101.0,General Fitness,Active,3.4
36,Female,167,78.0,50.7,Weight Loss,Very Active,55.1
37,Male,184,89.1,103.4,General Fitness,Active,54.3
33,Female,175,96.9,99.7,General Fitness,Sedentary,9.2
24,Female,177,56.6,44.8,General Fitness,Very Active,34.6
33,Female,156,78.7,75.4,General Fitness,Active,12.5
23,Male,162,63.4,68.6,Muscle Gain,Active,40.5
53,Female,175,98.3,96.6,General Fitness,Active,7.4
15,Female,166,80.4,72.8,General Fitness,Sedentary,24.8
29,Female,161,82.3,88.2,General Fitness,Active,21.8
59,Female,146,73.3,69.8,Weight Loss,Very Active,10.7
52,Male,176,94.7,83.8,Weight Loss,Moderate,42.9
24,Male,188,65.6,55.7,General Fitness,Sedentary,33.0
56,Female,146,80.1,51.9,Weight Loss,Active,69.1
26,Female,173,67.3,53.3,General Fitness,Moderate,43.8
68,Male,167,80.3,92.6,General Fitness,Very Active,58.9
48,Female,155,67.0,72.5,Muscle Gain,Moderate,66.9
66,Male,177,61.8,42.5,Weight Loss,Very Active,56.7
33,Female,173,91.9,74.2,Weight Loss,Very Active,44.8
56,Female,166,85.4,77.2,Weight Loss,Active,27.3
51,Male,169,59.6,38.6,Weight Loss,Very Active,58.5
38,Male,195,58.3,63.2,Muscle Gain,Very Active,52.5
25,Male,186,89.3,78.0,Weight Loss,Sedentary,30.2
18,Female,145,64.3,74.2,General Fitness,Very Active,37.1
70,Male,181,67.6,58.0,General Fitness,Sedentary,44.1
68,Female,169,99.2,90.6,Weight Loss,Very Active,24.9
60,Female,176,60.8,73.6,General Fitness,Moderate,51.0
47,Male,194,85.9,77.7,Weight Loss,Very Active,23.1
25,Male,171,104.4,108.3,General Fitness,Active,13.9
43,Male,175,84.0,80.3,General Fitness,Sedentary,13.5
31,Female,162,89.5,101.7,General Fitness,Active,44.6
26,Female,161,81.8,94.2,Muscle Gain,Very Active,100.7
64,Male,186,84.0,94.3,General Fitness,Moderate,45.7
49,Female,154,64.2,54.2,General Fitness,Sedentary,41.2
56,Male,189,83.2,76.7,Weight Loss,Sedentary,25.4
61,Female,166,48.0,37.7,Weight Loss,Sedentary,33.9
15,Female,156,66.6,53.6,Weight Loss,Sedentary,29.4
36,Female,145,68.8,57.0,Weight Loss,Sedentary,36.2
30,Male,170,58.5,70.5,General Fitness,Moderate,45.7
59,Male,186,96.4,70.1,Weight Loss,Active,74.4
55,Female,171,53.2,57.0,General Fitness,Sedentary,15.3
45,Male,162,110.8,114.7,Muscle Gain,Sedentary,36.3
51,Female,148,59.8,53.6,Weight Loss,Active,16.8
67,Female,149,92.5,89.4,General Fitness,Very Active,13.9
49,Male,188,75.2,67.6,General Fitness,Very Active,29.8
37,Female,170,99.2,76.2,Weight Loss,Very Active,51.6
19,Male,175,71.7,46.7,Weight Loss,Very Active,52.7
66,Female,157,91.9,67.2,Weight Loss,Sedentary,95.5
69,Male,164,102.2,106.7,Muscle Gain,Very Active,50.7
63,Female,178,98.2,105.9,Muscle Gain,Very Active,92.7
33,Male,180,75.1,65.6,General Fitness,Moderate,34.3
41,Male,175,58.6,66.3,Muscle Gain,Sedentary,75.0
57,Male,161,79.3,70.3,General Fitness,Moderate,35.9
65,Female,159,51.5,41.3,General Fitness,Sedentary,45.7
60,Female,160,66.0,47.3,Weight Loss,Sedentary,59.9
43,Male,193,58.1,43.4,Weight Loss,Active,38.0
18,Female,167,82.5,94.8,Muscle Gain,Active,98.8
54,Female,161,94.9,78.5,Weight Loss,Moderate,60.3
54,Male,165,83.2,70.4,General Fitness,Sedentary,62.4
58,Male,158,96.6,84.0,General Fitness,Very Active,49.4
58,Male,164,109.3,117.0,Muscle Gain,Very Active,84.0
18,Male,190,118.0,126.8,Muscle Gain,Very Active,82.5
32,Female,145,59.0,69.1,General Fitness,Moderate,32.0
26,Female,163,99.9,98.4,General Fitness,Very Active,5.2
19,Male,188,111.2,105.7,Weight Loss,Active,10.7
26,Female,154,82.7,92.3,General Fitness,Very Active,31.7
19,Male,193,92.2,87.0,Weight Loss,Active,11.6
42,Female,177,54.5,64.1,General Fitness,Moderate,35.4
22,Male,162,75.4,49.2,Weight Loss,Sedentary,71.2
38,Male,170,65.2,37.0,Weight Loss,Active,69.6
47,Female,158,78.5,85.6,Muscle Gain,Sedentary,85.9
30,Male,171,100.4,94.8,Weight Loss,Active,14.0
66,Male,185,106.5,119.9,General Fitness,Active,66.4
46,Female,157,93.8,80.7,Weight Loss,Sedentary,39.3
26,Male,178,102.8,94.5,General Fitness,Very Active,26.7
16,Male,182,112.0,115.2,General Fitness,Very Active,11.4
39,Female,146,73.8,67.7,General Fitness,Moderate,22.7
62,Male,156,119.2,123.2,General Fitness,Very Active,18.8
20,Female,160,99.3,69.6,Weight Loss,Very Active,62.9
70,Female,166,58.6,50.6,Weight Loss,Sedentary,32.2
56,Male,169,119.0,92.5,Weight Loss,Moderate,87.4
66,Female,163,63.3,69.0,Muscle Gain,Active,69.3
22,Male,168,88.7,96.0,General Fitness,Very Active,23.3
51,Male,192,106.8,110.6,General Fitness,Very Active,15.4
24,Male,192,88.6,65.9,Weight Loss,Very Active,48.1
41,Male,167,96.2,83.5,Weight Loss,Moderate,40.2
26,Female,165,79.5,90.1,General Fitness,Very Active,41.0
28,Female,165,54.2,36.9,Weight Loss,Moderate,45.3
63,Male,156,89.1,86.8,General Fitness,Very Active,9.4
53,Female,156,95.3,86.8,Weight Loss,Active,21.3
64,Female,171,73.1,56.4,Weight Loss,Moderate,63.7
31,Female,162,56.5,43.8,General Fitness,Active,46.0
42,Male,186,119.6,93.6,Weight Loss,Moderate,80.2
64,Male,159,101.5,99.4,General Fitness,Moderate,8.5
36,Female,169,73.2,61.2,General Fitness,Very Active,43.8
50,Male,157,59.3,67.7,General Fitness,Sedentary,29.4
25,Male,179,78.2,56.5,Weight Loss,Sedentary,63.8
28,Female,148,52.2,58.8,Muscle Gain,Sedentary,55.8
48,Male,162,84.1,60.8,Weight Loss,Very Active,53.3
70,Female,153,72.2,60.7,Weight Loss,Moderate,48.4
54,Male,165,56.6,47.7,Weight Loss,Active,22.9
37,Female,153,92.6,85.1,Weight Loss,Very Active,19.7
53,Male,166,104.3,99.6,Weight Loss,Very Active,12.5
24,Female,157,74.9,73.6,General Fitness,Moderate,4.2
16,Female,180,93.8,88.3,Weight Loss,Moderate,14.5
70,Female,162,66.3,52.8,Weight Loss,Sedentary,46.9
38,Male,158,100.2,91.2,General Fitness,Active,32.1
59,Female,167,57.6,72.0,General Fitness,Moderate,54.6
60,Male,166,82.4,70.6,Weight Loss,Very Active,34.1
68,Male,191,72.7,44.4,Weight Loss,Active,81.9
38,Female,149,89.6,61.0,Weight Loss,Sedentary,85.7
57,Male,163,56.9,43.2,Weight Loss,Moderate,42.7
33,Male,155,86.1,80.6,Weight Loss,Moderate,18.1
53,Female,151,77.3,50.7,Weight Loss,Moderate,87.3
16,Male,190,74.4,80.9,General Fitness,Sedentary,17.3
20,Female,164,68.7,75.8,Muscle Gain,Sedentary,72.2
64,Male,195,113.8,120.0,General Fitness,Active,25.5
40,Male,156,109.8,112.4,General Fitness,Sedentary,10.6
36,Female,152,95.6,72.5,Weight Loss,Very Active,55.2
45,Male,195,78.0,81.4,Muscle Gain,Very Active,39.9
56,Female,155,81.4,60.2,Weight Loss,Very Active,63.2
37,Female,172,74.6,51.5,Weight Loss,Very Active,50.9
68,Female,159,66.1,44.9,Weight Loss,Sedentary,74.1
39,Male,173,60.7,68.7,Muscle Gain,Very Active,87.8
22,Male,192,115.8,129.9,General Fitness,Very Active,35.9
38,Male,192,78.9,75.5,Weight Loss,Active,8.2
55,Male,194,113.4,83.9,Weight Loss,Moderate,89.1
51,Male,188,116.1,111.4,General Fitness,Sedentary,18.4
57,Male,174,83.7,89.3,Muscle Gain,Very Active,61.6
43,Male,173,62.3,66.3,Muscle Gain,Sedentary,38.3
26,Female,168,54.3,42.6,Weight Loss,Moderate,38.4
27,Male,171,103.3,96.0,General Fitness,Sedentary,28.4
51,Male,177,74.4,76.4,General Fitness,Sedentary,7.3
21,Female,169,58.6,43.9,General Fitness,Sedentary,53.4
50,Female,155,75.5,68.3,General Fitness,Active,27.9
54,Male,195,113.7,112.3,General Fitness,Very Active,5.8
42,Female,151,52.5,54.4,General Fitness,Active,7.2
50,Female,167,66.0,74.6,Muscle Gain,Very Active,102.0
37,Male,158,103.4,105.5,General Fitness,Active,7.7
37,Male,184,112.4,99.1,General Fitness,Moderate,46.7
24,Female,178,63.9,51.9,Weight Loss,Sedentary,29.3
48,Male,164,76.0,84.7,Muscle Gain,Moderate,87.7
58,Male,189,104.5,92.4,Weight Loss,Moderate,36.5
70,Male,191,106.5,114.9,General Fitness,Sedentary,38.1
66,Male,193,105.1,118.4,General Fitness,Moderate,53.2
46,Male,169,112.8,90.0,Weight Loss,Very Active,57.3
50,Male,188,73.8,68.0,Weight Loss,Moderate,21.2
44,Female,170,77.6,66.9,General Fitness,Very Active,45.0
36,Male,155,109.9,123.2,General Fitness,Sedentary,48.1
46,Male,173,118.2,129.8,General Fitness,Active,44.8
52,Female,152,93.9,84.2,Weight Loss,Very Active,29.9
28,Female,180,80.4,87.6,Muscle Gain,Very Active,70.4
41,Female,176,68.4,73.8,General Fitness,Active,19.8
26,Male,181,69.7,58.7,General Fitness,Very Active,32.7
35,Male,181,81.4,75.9,General Fitness,Sedentary,21.1
39,Male,190,60.6,40.5,Weight Loss,Very Active,46.7
66,Female,150,77.1,61.4,Weight Loss,Active,46.9
26,Male,170,82.8,73.3,Weight Loss,Active,20.5
44,Female,160,74.4,72.5,General Fitness,Moderate,7.2
19,Female,157,63.9,42.7,Weight Loss,Active,35.6
25,Female,146,69.5,76.8,Muscle Gain,Very Active,72.1
43,Female,157,48.5,53.2,Muscle Gain,Active,46.8
52,Female,156,67.2,63.0,General Fitness,Active,17.1
29,Male,190,67.6,70.3,General Fitness,Active,8.7
40,Female,168,94.6,93.5,General Fitness,Sedentary,4.2
42,Male,159,85.4,90.1,General Fitness,Moderate,17.5
28,Male,182,109.2,107.1,General Fitness,Very Active,6.6
27,Male,183,114.2,102.5,General Fitness,Sedentary,43.8
61,Female,175,55.9,66.6,General Fitness,Moderate,47.8
61,Male,185,97.2,70.2,Weight Loss,Moderate,99.7
66,Male,190,61.7,63.8,General Fitness,Very Active,9.8
38,Male,187,89.8,88.3,General Fitness,Moderate,4.8
46,Male,159,81.5,60.9,Weight Loss,Very Active,57.2
19,Male,185,104.3,96.9,General Fitness,Active,22.4
34,Male,193,119.6,127.2,General Fitness,Very Active,26.4
15,Female,166,83.2,78.7,General Fitness,Sedentary,16.7
26,Female,178,73.1,80.2,Muscle Gain,Sedentary,67.2
55,Male,191,69.5,57.9,General Fitness,Active,46.5
56,Male,188,61.3,46.8,Weight Loss,Very Active,32.8
30,Female,171,77.5,54.8,Weight Loss,Active,57.7
43,Male,165,96.1,71.1,Weight Loss,Sedentary,70.2
36,Female,172,89.0,67.9,Weight Loss,Sedentary,58.1
67,Male,179,87.4,83.6,Weight Loss,Sedentary,13.6
31,Male,173,83.4,68.5,General Fitness,Sedentary,55.3
63,Male,181,63.3,72.0,General Fitness,Moderate,37.3
45,Female,159,89.2,92.0,General Fitness,Sedentary,10.3
60,Female,171,98.6,104.8,Muscle Gain,Sedentary,73.6
60,Female,160,67.4,58.4,General Fitness,Sedentary,38.6
41,Female,170,96.2,91.8,General Fitness,Moderate,17.8
41,Female,150,94.8,102.9,General Fitness,Active,31.7
59,Female,162,98.0,106.1,General Fitness,Moderate,36.4
43,Male,173,75.3,62.0,General Fitness,Moderate,50.3
17,Male,173,63.5,58.8,General Fitness,Very Active,13.4
46,Male,195,59.0,64.0,Muscle Gain,Very Active,51.8
54,Female,166,88.4,79.2,General Fitness,Moderate,38.0
29,Female,173,84.6,76.0,Weight Loss,Sedentary,26.2
15,Male,169,109.2,101.1,General Fitness,Active,24.5
31,Female,150,79.4,64.6,Weight Loss,Very Active,30.8
